-- phpMyAdmin SQL Dump
-- version 5.2.1
-- https://www.phpmyadmin.net/
--
-- Anamakine: 127.0.0.1
-- Üretim Zamanı: 12 Haz 2024, 02:08:40
-- Sunucu sürümü: 10.4.32-MariaDB
-- PHP Sürümü: 8.0.30

SET SQL_MODE = "NO_AUTO_VALUE_ON_ZERO";
START TRANSACTION;
SET time_zone = "+00:00";


/*!40101 SET @OLD_CHARACTER_SET_CLIENT=@@CHARACTER_SET_CLIENT */;
/*!40101 SET @OLD_CHARACTER_SET_RESULTS=@@CHARACTER_SET_RESULTS */;
/*!40101 SET @OLD_COLLATION_CONNECTION=@@COLLATION_CONNECTION */;
/*!40101 SET NAMES utf8mb4 */;

--
-- Veritabanı: `olwe-data`
--

-- --------------------------------------------------------

--
-- Tablo için tablo yapısı `sepet`
--

CREATE TABLE `sepet` (
  `id` int(11) NOT NULL,
  `userId` int(11) NOT NULL,
  `urunId` int(11) NOT NULL,
  `miktar` int(11) NOT NULL,
  `aktif` tinyint(1) NOT NULL
) ENGINE=InnoDB DEFAULT CHARSET=utf8mb4 COLLATE=utf8mb4_general_ci;

--
-- Tablo döküm verisi `sepet`
--

INSERT INTO `sepet` (`id`, `userId`, `urunId`, `miktar`, `aktif`) VALUES
(1, 44, 4, 0, 0),
(2, 44, 15, 0, 0),
(3, 44, 15, 0, 0),
(4, 44, 15, 0, 0),
(5, 44, 17, 0, 0),
(6, 44, 16, 0, 0),
(7, 44, 18, 0, 0),
(8, 44, 1, 1, 0),
(9, 44, 9, 0, 0),
(10, 44, 11, 0, 0),
(11, 44, 7, 0, 0),
(12, 44, 3, 0, 0),
(13, 44, 6, 0, 0),
(14, 44, 2, 0, 0),
(15, 44, 68, 0, 0),
(16, 44, 69, 0, 0),
(17, 44, 78, 0, 0),
(18, 44, 8, 0, 0),
(19, 44, 10, 0, 0),
(20, 48, 1, 1, 0),
(21, 48, 2, 1, 1),
(22, 49, 1, 1, 1),
(23, 49, 7, 1, 1),
(24, 49, 6, 1, 1),
(25, 50, 91, 0, 0),
(26, 50, 17, 4, 1),
(27, 44, 13, 1, 1);

-- --------------------------------------------------------

--
-- Tablo için tablo yapısı `urun`
--

CREATE TABLE `urun` (
  `id` int(11) NOT NULL,
  `urunAd` varchar(255) NOT NULL,
  `urunFiyat` decimal(10,2) NOT NULL,
  `cinsiyet` varchar(50) NOT NULL,
  `kategori` varchar(100) NOT NULL,
  `stok` int(11) NOT NULL
) ENGINE=InnoDB DEFAULT CHARSET=utf8mb4 COLLATE=utf8mb4_general_ci;

--
-- Tablo döküm verisi `urun`
--

INSERT INTO `urun` (`id`, `urunAd`, `urunFiyat`, `cinsiyet`, `kategori`, `stok`) VALUES
(1, 'OVERSIZE FİTİLLİ BLAZER', 2790.00, 'kadin', 'BLAZER', 20),
(2, 'ZW COLLECTION KONTRAST BLAZER', 4590.00, 'kadin', 'BLAZER', 20),
(3, 'DOKULU BİSİKLET YAKA BLAZER', 1790.00, 'kadin', 'BLAZER', 20),
(4, 'VATKALI OVERSIZE BLAZER', 1790.00, 'kadin', 'BLAZER', 20),
(5, 'BURUŞUK GÖRÜNÜMLÜ KRUVAZE BLAZER CEKET', 1790.00, 'kadin', 'BLAZER', 20),
(6, 'PAYETLİ BLAZER', 2790.00, 'kadin', 'BLAZER', 20),
(7, 'TROPİKAL DESENLİ MİDİ ELBİSE', 1790.00, 'kadin', 'ELBİSE', 20),
(8, 'FİYONKLU KISA ELBİSE', 1150.00, 'kadin', 'ELBİSE', 20),
(9, 'LEOPAR DESENLİ TRİKO MİDİ ELBİSE', 1290.00, 'kadin', 'ELBİSE', 20),
(10, 'DRAPE DETAYLI SATEN YÜZEYLİ ELBİSE', 1290.00, 'kadin', 'ELBİSE', 20),
(11, 'ZW COLLECTION KONTRAST İŞLEMELİ ELBİSE', 3290.00, 'kadin', 'ELBİSE', 20),
(12, 'SIRTI PENCERE DETAYLI ELBİSE', 720.00, 'kadin', 'ELBİSE', 20),
(13, 'KEMERLİ KETEN KARIŞIMLI ŞORT ETEK', 1150.00, 'kadin', 'ETEK', 20),
(14, 'ZW COLLECTION PİLİLİ KATLI ETEK', 2290.00, 'kadin', 'ETEK', 20),
(15, 'KEMERLİ KETEN KARIŞIMLI MİDİ ETEK', 1590.00, 'kadin', 'ETEK', 20),
(16, 'MİNİ BALON ETEK', 890.00, 'kadin', 'ETEK', 20),
(17, 'ZW COLLECTION DESENLİ KISA ETEK', 1290.00, 'kadin', 'ETEK', 20),
(18, 'SATEN MİDİ ETEK', 990.00, 'kadin', 'ETEK', 20),
(19, 'FİTİLLİ YARI TRANSPARAN T-SHIRT', 720.00, 'kadin', 'T-SHIRT', 20),
(20, 'KONTRAST BASKILI T-SHIRT', 790.00, 'kadin', 'T-SHIRT', 20),
(21, 'YUMRULU İPLİKLİ KOTON T-SHIRT', 360.00, 'kadin', 'T-SHIRT', 20),
(22, 'BASIC KOTON T-SHIRT', 320.00, 'kadin', 'T-SHIRT', 20),
(23, 'BASIC KOTON T-SHIRT', 320.00, 'kadin', 'T-SHIRT', 20),
(24, 'FİTİLLİ ASKILI BLUZ', 320.00, 'kadin', 'T-SHIRT', 20),
(25, 'YÜKSEK BEL DÜZ KESİM PANTOLON', 1590.00, 'kadin', 'PANTOLON', 20),
(26, 'BÜZGÜLÜ BELLİ PANTOLON', 1190.00, 'kadin', 'PANTOLON', 20),
(27, 'ZW COLLECTION İŞLEMELİ CULOTTE PANTOLON', 1790.00, 'kadin', 'PANTOLON', 20),
(28, 'KETEN KARIŞIMLI PALAZZO PANTOLON', 1150.00, 'kadin', 'PANTOLON', 20),
(29, 'ZW COLLECTION YAN ŞERİTLİ VE ÇİZGİLİ PANTOLON', 3790.00, 'kadin', 'PANTOLON', 20),
(30, 'ELASTİK BELLİ CROP PANTOLON', 890.00, 'kadin', 'PANTOLON', 20),
(31, 'SUNİ İNCİLİ ÖRGÜ CROP TOP', 1150.00, 'kadin', 'TRİKO', 20),
(32, 'PENCERE DETAYLI TRİKO MİNİ ELBİSE', 1290.00, 'kadin', 'TRİKO', 20),
(33, 'KONTRAST ÖRGÜLÜ BLUZ', 1150.00, 'kadin', 'TRİKO', 20),
(34, 'FİLE ÖRGÜ BLUZ', 890.00, 'kadin', 'TRİKO', 20),
(35, 'PATCHWORK KROŞE TRİKO POLO YAKA HIRKA', 2290.00, 'kadin', 'TRİKO', 20),
(36, 'ÖRGÜ KROŞE ELBİSE', 3990.00, 'kadin', 'TRİKO', 20),
(37, 'YAN DÜĞMELİ TRİKO SÜVETER', 990.00, 'kadin', 'TRİKO', 20),
(38, 'ZW COLLECTION UYUMLU KISA YELEK', 1790.00, 'kadin', 'TRİKO', 20),
(39, 'ZW COLLECTION DÜĞMELİ YELEK BLUZ', 1290.00, 'kadin', 'TRİKO', 20),
(40, 'İŞLEMELİ KISA YELEK', 1290.00, 'kadin', 'TRİKO', 20),
(41, 'KETEN KARIŞIMLI ÖZEL DİKİM YELEK', 1150.00, 'kadin', 'TRİKO', 20),
(42, 'ZW COLLECTION YIRTMAÇLI YELEK', 1790.00, 'kadin', 'TRİKO', 20),
(43, 'YAN DÜĞMELİ TRİKO SÜVETER', 990.00, 'kadin', 'YELEK', 20),
(44, 'ZW COLLECTION UYUMLU KISA YELEK', 1790.00, 'kadin', 'YELEK', 20),
(45, 'ZW COLLECTION DÜĞMELİ YELEK BLUZ', 1290.00, 'kadin', 'YELEK', 20),
(46, 'İŞLEMELİ KISA YELEK', 1290.00, 'kadin', 'YELEK', 20),
(47, 'KETEN KARIŞIMLI ÖZEL DİKİM YELEK', 1150.00, 'kadin', 'YELEK', 20),
(48, 'ZW COLLECTION YIRTMAÇLI YELEK', 1790.00, 'kadin', 'YELEK', 20),
(49, 'PAMUKLU KETEN GÖMLEK', 1290.00, 'erkek', 'KETEN', 20),
(50, '%100 KETEN GÖMLEK', 1590.00, 'erkek', 'KETEN', 20),
(51, '%100 KETEN GÖMLEK', 1290.00, 'erkek', 'KETEN', 20),
(52, 'DOKULU GÖMLEK', 1290.00, 'erkek', 'KETEN', 20),
(53, '%100 KETEN GÖMLEK', 1590.00, 'erkek', 'KETEN', 20),
(54, '%100 KETEN GÖMLEK', 1790.00, 'erkek', 'KETEN', 20),
(55, '%100 KETEN GÖMLEK', 1790.00, 'erkek', 'KETEN', 20),
(56, '%100 KETEN GÖMLEK', 1590.00, 'erkek', 'KETEN', 20),
(57, 'PAMUKLU KETEN GÖMLEK', 1290.00, 'erkek', 'KETEN', 20),
(58, '%100 KETEN GÖMLEK', 1290.00, 'erkek', 'KETEN', 20),
(59, '%100 KETEN GÖMLEK', 1590.00, 'erkek', 'KETEN', 20),
(60, 'HAFİF DENIM GÖMLEK', 1290.00, 'erkek', 'KETEN', 20),
(61, '%100 KETEN GÖMLEK', 1590.00, 'erkek', 'KETEN', 20),
(62, 'PAMUK VE KETEN KARIŞIMLI GÖMLEK', 1290.00, 'erkek', 'KETEN', 20),
(63, 'STREÇ GÖMLEK', 1290.00, 'erkek', 'GOMLEK', 20),
(64, 'DOKULU STREÇ GÖMLEK', 1290.00, 'erkek', 'GOMLEK', 20),
(65, 'AKTİF GÖMLEK', 1290.00, 'erkek', 'GOMLEK', 20),
(66, 'PAMUK KARIŞIMLI DOKULU GÖMLEK', 1150.00, 'erkek', 'GOMLEK', 20),
(67, 'ÇİZGİLİ DOKULU GÖMLEK', 1150.00, 'erkek', 'GOMLEK', 20),
(68, 'FOTOĞRAF BASKILI T-SHIRT', 890.00, 'erkek', 'T-SHIRT', 20),
(69, 'GÜNEŞ BASKILI T-SHIRT X PEPO MORENO', 890.00, 'erkek', 'T-SHIRT', 20),
(70, 'COYOTE BASKILI SWEATSHIRT X PEPO MORENO', 1150.00, 'erkek', 'T-SHIRT', 20),
(71, 'İŞLEMELİ JACQUARD TANK T-SHIRT', 890.00, 'erkek', 'T-SHIRT', 20),
(72, 'KONTRAST SLOGANLI T-SHIRT', 890.00, 'erkek', 'T-SHIRT', 20),
(73, 'DEFORME SLOGANLI T-SHIRT', 890.00, 'erkek', 'T-SHIRT', 20),
(74, 'KONTRAST SLOGANLI T-SHIRT', 890.00, 'erkek', 'T-SHIRT', 20),
(75, 'BOSTON © BASKILI DISTRESSED T-SHIRT', 990.00, 'erkek', 'T-SHIRT', 20),
(76, 'KONTRAST BASKILI T-SHIRT', 890.00, 'erkek', 'T-SHIRT', 20),
(77, 'İŞLEMELİ KONTRAST T-SHIRT', 890.00, 'erkek', 'T-SHIRT', 20),
(78, 'ÇİZGİLİ TRİKO T-SHIRT', 1290.00, 'erkek', 'T-SHIRT', 20),
(79, 'ÇİZGİLİ JAKARLI T-SHIRT', 990.00, 'erkek', 'T-SHIRT', 20),
(80, 'YAZILI SOLUK EFEKTLİ T-SHIRT', 890.00, 'erkek', 'T-SHIRT', 20),
(81, 'KABARTMALI SLOGANLI T-SHIRT', 890.00, 'erkek', 'T-SHIRT', 20),
(82, 'UTILITY CEPLİ PANTOLON', 1790.00, 'erkek', 'PANTOLON', 20),
(83, 'DOKULU YIRTILMAYA DAYANIKLI KUMAŞ PANTOLON', 1290.00, 'erkek', 'PANTOLON', 20),
(84, 'RELAXED FIT KARGO PANTOLON', 1790.00, 'erkek', 'PANTOLON', 20),
(85, 'KEMERLİ KARGO PANTOLON', 1290.00, 'erkek', 'PANTOLON', 20),
(86, 'UTILITY KARGO PANTOLON', 2790.00, 'erkek', 'PANTOLON', 20),
(87, 'UTILITY CEPLİ PANTOLON', 1790.00, 'erkek', 'PANTOLON', 20),
(88, 'UTILITY JEANS WITH POCKETS', 2290.00, 'erkek', 'PANTOLON', 20),
(89, 'WIDE FIT KARGO PANTOLON', 1790.00, 'erkek', 'PANTOLON', 20),
(90, 'UTILITY CEPLİ PANTOLON', 2090.00, 'erkek', 'PANTOLON', 20),
(91, 'FERMUARLI VE KAPÜŞONLU SWEATSHIRT', 1790.00, 'erkek', 'SWEATSHIRT', 20),
(92, 'FERMUARLI YAKA SWEATSHIRT', 1590.00, 'erkek', 'SWEATSHIRT', 20),
(93, 'FERMUARLI VE PAMUKLU SWEATSHIRT', 1290.00, 'erkek', 'SWEATSHIRT', 20),
(94, 'İŞLEMELİ FERMUARLI SWEATSHIRT', 1590.00, 'erkek', 'SWEATSHIRT', 20),
(95, 'PAMUKLU DOKULU KAZAK', 1290.00, 'erkek', 'TRIKO', 20),
(96, 'PAMUKLU DOKULU KAZAK', 1290.00, 'erkek', 'TRIKO', 20),
(97, 'TERS ÖRGÜ KAZAK', 1590.00, 'erkek', 'TRIKO', 20),
(98, 'TRİKO KOLSUZ T-SHIRT', 990.00, 'erkek', 'TRIKO', 20),
(99, 'DOKULU AJURLU TRİKO SWEATSHIRT', 1150.00, 'erkek', 'TRIKO', 20),
(100, 'DİKİŞ DETAYLI KAZAK - LIMITED EDITION', 2290.00, 'erkek', 'TRIKO', 20),
(101, 'VİSKOZ KARIŞIMLI KAZAK', 1150.00, 'erkek', 'TRIKO', 20),
(102, 'İŞLEME DOKULU KAZAK', 1290.00, 'erkek', 'TRIKO', 20),
(103, 'PAMUKLU YÜN KAZAK', 1790.00, 'erkek', 'TRIKO', 20),
(104, 'PAMUKLU KETEN KAZAK', 1290.00, 'erkek', 'TRIKO', 20),
(105, 'ÇİZGİLİ JAKARLI KAZAK', 1590.00, 'erkek', 'TRIKO', 20),
(106, 'SOYUT DESENLİ JAKARLI KAZAK', 1590.00, 'erkek', 'TRIKO', 20),
(107, 'ÇİZGİLİ JAKARLI KAZAK', 1290.00, 'erkek', 'TRIKO', 20),
(108, 'DOKULU KAZAK', 1290.00, 'erkek', 'TRIKO', 20),
(109, 'SLOGAN İŞLEMELİ ŞAPKA', 720.00, 'erkek', 'AKSESUAR', 20),
(110, 'KABARTMALI SLOGANLI ŞAPKA', 720.00, 'erkek', 'AKSESUAR', 20),
(111, 'BASIC ŞAPKA', 590.00, 'erkek', 'AKSESUAR', 20),
(112, 'İŞLEMELİ ŞAPKA', 720.00, 'erkek', 'AKSESUAR', 20),
(113, 'SOLUK EFEKTLİ DENIM ŞAPKA', 720.00, 'erkek', 'AKSESUAR', 20),
(114, 'MUMLU GÖRÜNÜMLÜ ŞAPKA', 720.00, 'erkek', 'AKSESUAR', 20);

-- --------------------------------------------------------

--
-- Tablo için tablo yapısı `urundetay`
--

CREATE TABLE `urundetay` (
  `id` int(11) NOT NULL,
  `urunId` int(11) NOT NULL,
  `urunUrl` varchar(255) NOT NULL
) ENGINE=InnoDB DEFAULT CHARSET=utf8mb4 COLLATE=utf8mb4_general_ci;

--
-- Tablo döküm verisi `urundetay`
--

INSERT INTO `urundetay` (`id`, `urunId`, `urunUrl`) VALUES
(1, 1, 'https://static.zara.net/assets/public/eaf7/8b7d/cf7b456d9bb6/14e6ba0cd39b/03021144712-e1/03021144712-e1.jpg'),
(2, 1, 'https://static.zara.net/assets/public/775c/44df/5bfb45e197f5/ef3b9516e6a2/03021144712-e4/03021144712-e4.jpg'),
(3, 1, 'https://static.zara.net/assets/public/59f8/0264/3f624620b985/c3340573859c/03021144712-e5/03021144712-e5.jpg'),
(4, 1, 'https://static.zara.net/assets/public/3af6/baf7/6ebf4a148299/18ea94a02d17/03021144712-e3/03021144712-e3.jpg'),
(5, 1, 'https://static.zara.net/assets/public/6543/de67/10e040d68a8a/e86e25df62ab/03021144712-a1/03021144712-a1.jpg'),
(6, 1, 'https://static.zara.net/assets/public/eb04/e72e/96e6474f9a8f/ee0cea26bd9d/03021144712-a3/03021144712-a3.jpg'),
(7, 1, 'https://static.zara.net/assets/public/15af/ca75/8a62412e90c5/3a30ce68f259/03021144712-p/03021144712-p.jpg'),
(8, 1, 'https://static.zara.net/assets/public/5d70/e78e/d8ed4d56afa3/93c16e30216b/03021144712-a2/03021144712-a2.jpg'),
(9, 1, 'https://static.zara.net/assets/public/395a/04f7/a0a94971bcb8/c4d61ad220bc/03021144712-a4/03021144712-a4.jpg'),
(10, 1, 'https://static.zara.net/assets/public/a054/499e/21fb4a06969f/31554fdd16cc/03021144712-e2/03021144712-e2.jpg'),
(11, 2, 'https://static.zara.net/assets/public/3963/2219/57054c17afe0/466282d96996/03049706710-e4/03049706710-e4.jpg'),
(12, 2, 'https://static.zara.net/assets/public/21ab/fc14/954245eaa1e0/a025943caa96/03049706710-a2/03049706710-a2.jpg'),
(13, 2, 'https://static.zara.net/assets/public/67ce/f1e0/7f434b138a20/6937735160c1/03049706710-e3/03049706710-e3.jpg'),
(14, 2, 'https://static.zara.net/assets/public/7f74/6a1a/bd824e919c9c/79f4a0725124/03049706710-e5/03049706710-e5.jpg'),
(15, 2, 'https://static.zara.net/assets/public/5b59/92ab/dcf0468bbe0b/c352a2e44b32/03049706710-p/03049706710-p.jpg'),
(16, 2, 'https://static.zara.net/assets/public/ad5a/fa12/7f844efaa1c2/9df066994ea6/03049706710-a1/03049706710-a1.jpg'),
(17, 2, 'https://static.zara.net/assets/public/8b20/d827/5eeb4033b8f0/3709c7742f54/03049706710-a3/03049706710-a3.jpg'),
(18, 2, 'https://static.zara.net/assets/public/7d1f/bf99/3f9243e2a1c5/2ab3a17f340d/03049706710-e1/03049706710-e1.jpg'),
(19, 2, 'https://static.zara.net/assets/public/eda5/b763/5e144c2fb9bf/bd2866601012/03049706710-e6/03049706710-e6.jpg'),
(20, 2, 'https://static.zara.net/assets/public/a436/1d18/a7674657b637/2441072dd1ff/03049706710-a4/03049706710-a4.jpg'),
(21, 2, 'https://static.zara.net/assets/public/cf14/c981/1cec47ebb12b/73a8f8e78568/03049706710-e2/03049706710-e2.jpg'),
(22, 3, 'https://static.zara.net/assets/public/96dd/8382/8d5144e2a693/527d4d3f244f/02764637712-e1/02764637712-e1.jpg'),
(23, 3, 'https://static.zara.net/assets/public/b7e5/a31f/2ee24264b13c/43b87ebd57a2/02764637712-a1/02764637712-a1.jpg'),
(24, 3, 'https://static.zara.net/assets/public/36c0/3a84/fb894b5c84a0/20a36189275c/02764637712-e2/02764637712-e2.jpg'),
(25, 3, 'https://static.zara.net/assets/public/8efa/630c/0e1b435a9496/b64f53a970bc/02764637712-e3/02764637712-e3.jpg'),
(26, 3, 'https://static.zara.net/assets/public/8d6e/88db/ca8c42fbaf5b/3a757794edb1/02764637712-p/02764637712-p.jpg'),
(27, 4, 'https://static.zara.net/photos///2023/V/0/1/p/2753/132/505/2/w/750/2753132505_2_3_1.jpg'),
(28, 4, 'https://static.zara.net/photos///2024/V/0/1/p/2753/232/505/2/w/1024/2753232505_6_3_1.jpg'),
(29, 4, 'https://static.zara.net/photos///2024/V/0/1/p/2753/232/505/2/w/375/2753232505_6_4_1.jpg'),
(30, 4, 'https://static.zara.net/photos///2023/V/0/1/p/2753/132/505/2/w/850/2753132505_1_1_1.jpg'),
(31, 4, 'https://static.zara.net/photos///2024/V/0/1/p/2112/595/505/2/w/1700/2112595505_2_1_1.jpg'),
(32, 4, 'https://static.zara.net/photos///2024/V/0/1/p/2753/232/505/2/w/750/2753232505_6_3_1.jpg'),
(33, 4, 'https://static.zara.net/photos///2023/V/0/1/p/2753/132/505/2/w/750/2753132505_1_1_1.jpg'),
(34, 4, 'https://static.zara.net/photos///2024/V/0/1/p/2753/232/505/2/w/375/2753232505_6_2_1.jpg'),
(35, 4, 'https://static.zara.net/photos///2024/V/0/1/p/2753/232/505/2/w/563/2753232505_6_4_1.jpg'),
(36, 4, 'https://static.zara.net/photos///2023/V/0/1/p/2753/132/505/2/w/1500/2753132505_1_1_1.jpg'),
(37, 4, 'https://static.zara.net/photos///2024/V/0/1/p/2753/232/505/2/w/1024/2753232505_6_1_1.jpg'),
(38, 4, 'https://static.zara.net/photos///2024/V/0/1/p/2753/232/505/2/w/1126/2753232505_6_3_1.jpg'),
(39, 4, 'https://static.zara.net/photos///2023/V/0/1/p/2753/132/505/2/w/1024/2753132505_2_3_1.jpg'),
(40, 4, 'https://static.zara.net/photos///2024/V/0/1/p/2753/232/505/2/w/850/2753232505_6_1_1.jpg'),
(41, 4, 'https://static.zara.net/photos///2023/V/0/1/p/2753/132/505/2/w/1500/2753132505_2_2_1.jpg'),
(42, 4, 'https://static.zara.net/photos///2024/V/0/1/p/2753/232/505/2/w/1024/2753232505_6_2_1.jpg'),
(43, 4, 'https://static.zara.net/photos///2024/V/0/1/p/2112/595/505/2/w/2048/2112595505_2_1_1.jpg'),
(44, 4, 'https://static.zara.net/photos///2024/V/0/1/p/2753/232/505/2/w/1126/2753232505_6_6_1.jpg'),
(45, 4, 'https://static.zara.net/photos///2024/V/0/1/p/2753/232/505/2/w/850/2753232505_6_4_1.jpg'),
(46, 4, 'https://static.zara.net/photos///2024/V/0/1/p/2112/595/505/2/w/375/2112595505_2_1_1.jpg'),
(47, 4, 'https://static.zara.net/photos///2024/V/0/1/p/2753/232/505/2/w/2048/2753232505_6_4_1.jpg'),
(48, 4, 'https://static.zara.net/photos///2023/V/0/1/p/2753/132/505/2/w/563/2753132505_2_2_1.jpg'),
(49, 4, 'https://static.zara.net/photos///2024/V/0/1/p/2753/232/505/2/w/1700/2753232505_6_2_1.jpg'),
(50, 4, 'https://static.zara.net/photos///2023/V/0/1/p/2753/132/505/2/w/2048/2753132505_2_2_1.jpg'),
(51, 4, 'https://static.zara.net/photos///2024/V/0/1/p/2753/232/505/2/w/375/2753232505_6_6_1.jpg'),
(52, 4, 'https://static.zara.net/photos///2024/V/0/1/p/2753/232/505/2/w/850/2753232505_6_5_1.jpg'),
(53, 4, 'https://static.zara.net/photos///2023/V/0/1/p/2753/132/505/2/w/375/2753132505_1_1_1.jpg'),
(54, 4, 'https://static.zara.net/photos///2024/V/0/1/p/2753/232/505/2/w/1700/2753232505_6_3_1.jpg'),
(55, 4, 'https://static.zara.net/photos///2024/V/0/1/p/2112/595/505/2/w/750/2112595505_2_1_1.jpg'),
(56, 4, 'https://static.zara.net/photos///2024/V/0/1/p/2112/595/505/2/w/1500/2112595505_2_1_1.jpg'),
(57, 4, 'https://static.zara.net/photos///2024/V/0/1/p/2753/232/505/2/w/850/2753232505_6_6_1.jpg'),
(58, 4, 'https://static.zara.net/photos///2024/V/0/1/p/2753/232/505/2/w/1126/2753232505_6_1_1.jpg'),
(59, 4, 'https://static.zara.net/photos///2024/V/0/1/p/2753/232/505/2/w/1024/2753232505_6_5_1.jpg'),
(60, 4, 'https://static.zara.net/photos///2023/V/0/1/p/2753/132/505/2/w/850/2753132505_2_2_1.jpg'),
(61, 4, 'https://static.zara.net/photos///2023/V/0/1/p/2753/132/505/2/w/375/2753132505_2_3_1.jpg'),
(62, 4, 'https://static.zara.net/photos///2023/V/0/1/p/2753/132/505/2/w/375/2753132505_2_2_1.jpg'),
(63, 4, 'https://static.zara.net/photos///2024/V/0/1/p/2753/232/505/2/w/375/2753232505_6_3_1.jpg'),
(64, 4, 'https://static.zara.net/photos///2024/V/0/1/p/2753/232/505/2/w/563/2753232505_6_3_1.jpg'),
(65, 4, 'https://static.zara.net/photos///2023/V/0/1/p/2753/132/505/2/w/1126/2753132505_2_2_1.jpg'),
(66, 4, 'https://static.zara.net/photos///2024/V/0/1/p/2112/595/505/2/w/1024/2112595505_2_1_1.jpg'),
(67, 4, 'https://static.zara.net/photos///2024/V/0/1/p/2753/232/505/2/w/750/2753232505_6_4_1.jpg'),
(68, 4, 'https://static.zara.net/photos///2024/V/0/1/p/2753/232/505/2/w/1500/2753232505_6_1_1.jpg'),
(69, 4, 'https://static.zara.net/photos///2024/V/0/1/p/2753/232/505/2/w/1700/2753232505_6_5_1.jpg'),
(70, 4, 'https://static.zara.net/photos///2024/V/0/1/p/2753/232/505/2/w/563/2753232505_6_6_1.jpg'),
(71, 4, 'https://static.zara.net/photos///2024/V/0/1/p/2753/232/505/2/w/1700/2753232505_6_4_1.jpg'),
(72, 4, 'https://static.zara.net/photos///2023/V/0/1/p/2753/132/505/2/w/563/2753132505_1_1_1.jpg'),
(73, 4, 'https://static.zara.net/photos///2024/V/0/1/p/2753/232/505/2/w/750/2753232505_6_1_1.jpg'),
(74, 4, 'https://static.zara.net/photos///2024/V/0/1/p/2112/595/505/2/w/850/2112595505_2_1_1.jpg'),
(75, 4, 'https://static.zara.net/photos///2024/V/0/1/p/2753/232/505/2/w/375/2753232505_6_1_1.jpg'),
(76, 4, 'https://static.zara.net/photos///2024/V/0/1/p/2753/232/505/2/w/1500/2753232505_6_6_1.jpg'),
(77, 4, 'https://static.zara.net/photos///2024/V/0/1/p/2753/232/505/2/w/850/2753232505_6_2_1.jpg'),
(78, 4, 'https://static.zara.net/photos///2024/V/0/1/p/2753/232/505/2/w/1126/2753232505_6_5_1.jpg'),
(79, 4, 'https://static.zara.net/photos///2023/V/0/1/p/2753/132/505/2/w/1126/2753132505_2_3_1.jpg'),
(80, 4, 'https://static.zara.net/photos///2024/V/0/1/p/2112/595/505/2/w/1126/2112595505_2_1_1.jpg'),
(81, 4, 'https://static.zara.net/photos///2024/V/0/1/p/2753/232/505/2/w/1700/2753232505_6_1_1.jpg'),
(82, 4, 'https://static.zara.net/photos///2024/V/0/1/p/2753/232/505/2/w/563/2753232505_6_5_1.jpg'),
(83, 4, 'https://static.zara.net/photos///2024/V/0/1/p/2753/232/505/2/w/1500/2753232505_6_4_1.jpg'),
(84, 4, 'https://static.zara.net/photos///2024/V/0/1/p/2753/232/505/2/w/375/2753232505_6_5_1.jpg'),
(85, 4, 'https://static.zara.net/photos///2023/V/0/1/p/2753/132/505/2/w/563/2753132505_2_3_1.jpg'),
(86, 4, 'https://static.zara.net/photos///2024/V/0/1/p/2753/232/505/2/w/1500/2753232505_6_2_1.jpg'),
(87, 4, 'https://static.zara.net/photos///2024/V/0/1/p/2753/232/505/2/w/563/2753232505_6_1_1.jpg'),
(88, 4, 'https://static.zara.net/photos///2024/V/0/1/p/2753/232/505/2/w/1126/2753232505_6_2_1.jpg'),
(89, 4, 'https://static.zara.net/photos///2024/V/0/1/p/2753/232/505/2/w/1500/2753232505_6_3_1.jpg'),
(90, 4, 'https://static.zara.net/photos///2023/V/0/1/p/2753/132/505/2/w/750/2753132505_2_2_1.jpg'),
(91, 4, 'https://static.zara.net/photos///2023/V/0/1/p/2753/132/505/2/w/2048/2753132505_2_3_1.jpg'),
(92, 4, 'https://static.zara.net/photos///2024/V/0/1/p/2753/232/505/2/w/1500/2753232505_6_5_1.jpg'),
(93, 4, 'https://static.zara.net/photos///2023/V/0/1/p/2753/132/505/2/w/1700/2753132505_2_3_1.jpg'),
(94, 4, 'https://static.zara.net/photos///2023/V/0/1/p/2753/132/505/2/w/1024/2753132505_1_1_1.jpg'),
(95, 4, 'https://static.zara.net/photos///2024/V/0/1/p/2753/232/505/2/w/2048/2753232505_6_6_1.jpg'),
(96, 4, 'https://static.zara.net/photos///2024/V/0/1/p/2753/232/505/2/w/1024/2753232505_6_6_1.jpg'),
(97, 4, 'https://static.zara.net/photos///2024/V/0/1/p/2753/232/505/2/w/750/2753232505_6_2_1.jpg'),
(98, 4, 'https://static.zara.net/photos///2024/V/0/1/p/2753/232/505/2/w/2048/2753232505_6_5_1.jpg'),
(99, 4, 'https://static.zara.net/photos///2023/V/0/1/p/2753/132/505/2/w/1500/2753132505_2_3_1.jpg'),
(100, 4, 'https://static.zara.net/photos///2024/V/0/1/p/2753/232/505/2/w/750/2753232505_6_5_1.jpg'),
(101, 4, 'https://static.zara.net/photos///2024/V/0/1/p/2753/232/505/2/w/2048/2753232505_6_3_1.jpg'),
(102, 4, 'https://static.zara.net/photos///2023/V/0/1/p/2753/132/505/2/w/1700/2753132505_1_1_1.jpg'),
(103, 4, 'https://static.zara.net/photos///2024/V/0/1/p/2753/232/505/2/w/850/2753232505_6_3_1.jpg'),
(104, 4, 'https://static.zara.net/photos///2023/V/0/1/p/2753/132/505/2/w/850/2753132505_2_3_1.jpg'),
(105, 4, 'https://static.zara.net/photos///2024/V/0/1/p/2112/595/505/2/w/563/2112595505_2_1_1.jpg'),
(106, 4, 'https://static.zara.net/photos///2024/V/0/1/p/2753/232/505/2/w/563/2753232505_6_2_1.jpg'),
(107, 4, 'https://static.zara.net/photos///2024/V/0/1/p/2753/232/505/2/w/2048/2753232505_6_2_1.jpg'),
(108, 4, 'https://static.zara.net/photos///2024/V/0/1/p/2753/232/505/2/w/1700/2753232505_6_6_1.jpg'),
(109, 4, 'https://static.zara.net/photos///2024/V/0/1/p/2753/232/505/2/w/1126/2753232505_6_4_1.jpg'),
(110, 4, 'https://static.zara.net/photos///2024/V/0/1/p/2753/232/505/2/w/750/2753232505_6_6_1.jpg'),
(111, 4, 'https://static.zara.net/photos///2023/V/0/1/p/2753/132/505/2/w/1700/2753132505_2_2_1.jpg'),
(112, 4, 'https://static.zara.net/photos///2023/V/0/1/p/2753/132/505/2/w/2048/2753132505_1_1_1.jpg'),
(113, 4, 'https://static.zara.net/photos///2024/V/0/1/p/2753/232/505/2/w/1024/2753232505_6_4_1.jpg'),
(114, 4, 'https://static.zara.net/photos///2023/V/0/1/p/2753/132/505/2/w/1126/2753132505_1_1_1.jpg'),
(115, 4, 'https://static.zara.net/photos///2023/V/0/1/p/2753/132/505/2/w/1024/2753132505_2_2_1.jpg'),
(116, 4, 'https://static.zara.net/photos///2024/V/0/1/p/2753/232/505/2/w/2048/2753232505_6_1_1.jpg'),
(117, 5, 'https://static.zara.net/assets/public/9d0b/1cff/80734eb0b9e9/1fc2d034f585/04387127711-e4/04387127711-e4.jpg'),
(118, 5, 'https://static.zara.net/assets/public/7132/97b7/83f04f8dabd0/7979464613ed/04387127711-a4/04387127711-a4.jpg'),
(119, 5, 'https://static.zara.net/assets/public/8e1e/88d4/3ca04424a13b/b57ac1b706e5/04387127711-a5/04387127711-a5.jpg'),
(120, 5, 'https://static.zara.net/assets/public/d207/7a82/b7fe4fbd9a68/f7d98858e85e/04387127711-e2/04387127711-e2.jpg'),
(121, 5, 'https://static.zara.net/assets/public/f6ba/c226/2dc342dc8abb/f3270acfae7b/04387127711-e1/04387127711-e1.jpg'),
(122, 5, 'https://static.zara.net/assets/public/7108/403e/91ed496fa2ff/4bd80cefe4d1/04387127711-p/04387127711-p.jpg'),
(123, 5, 'https://static.zara.net/assets/public/1906/b127/01814be4b82a/f8dcbd283003/04387127711-a3/04387127711-a3.jpg'),
(124, 5, 'https://static.zara.net/assets/public/fe8d/e33a/43434030a615/3ac7e2db0003/04387127711-e3/04387127711-e3.jpg'),
(125, 5, 'https://static.zara.net/assets/public/797d/e9f6/b52c4ff8b6cc/5615b6d85402/04387127711-a1/04387127711-a1.jpg'),
(126, 5, 'https://static.zara.net/assets/public/a1d5/212f/1ef74829a366/90739a83bccc/04387127711-a2/04387127711-a2.jpg'),
(127, 6, 'https://static.zara.net/assets/public/3600/db32/37104e52b34c/c3b37f048c61/02879482808-a2/02879482808-a2.jpg'),
(128, 6, 'https://static.zara.net/assets/public/3df6/1ec1/8b8b467a9eae/251c7fac68c5/02879482808-e1/02879482808-e1.jpg'),
(129, 6, 'https://static.zara.net/assets/public/3fd0/b2a8/01a04f7fafc0/68bf3d0e6d35/02879482808-p/02879482808-p.jpg'),
(130, 6, 'https://static.zara.net/assets/public/3329/6827/971a4c1b824c/f90cbf88c471/02879482808-a1/02879482808-a1.jpg'),
(131, 6, 'https://static.zara.net/assets/public/1d63/dd45/4dce451588da/adc9cdbc118d/02879482808-a3/02879482808-a3.jpg'),
(132, 6, 'https://static.zara.net/assets/public/2d04/7fc5/833b423ca084/df79fe9aab8b/02879482808-e4/02879482808-e4.jpg'),
(133, 6, 'https://static.zara.net/assets/public/1b40/e5b4/6a7747ed9ba4/14fc9559a21b/02879482808-e2/02879482808-e2.jpg'),
(134, 6, 'https://static.zara.net/assets/public/57b1/a570/2cb8479aa530/735126ec913b/02879482808-e3/02879482808-e3.jpg'),
(135, 7, 'https://static.zara.net/assets/public/4885/62f4/b077420b900f/4b18abd81c63/03535216069-e2/03535216069-e2.jpg'),
(136, 7, 'https://static.zara.net/assets/public/6f87/aace/8ea145c5950c/aedea8b5efdb/03535216069-e1/03535216069-e1.jpg'),
(137, 7, 'https://static.zara.net/assets/public/3938/2922/9faa4e38b118/06c465506629/03535216069-e4/03535216069-e4.jpg'),
(138, 7, 'https://static.zara.net/assets/public/e04b/7ac4/2f0a4bceb1b9/71411e0b4df9/03535216069-e3/03535216069-e3.jpg'),
(139, 7, 'https://static.zara.net/assets/public/84bf/ec79/e41b405d9418/5c78afcc24ff/03535216069-p/03535216069-p.jpg'),
(140, 8, 'https://static.zara.net/assets/public/0784/2f1c/75c4452c9c62/743f98b24f43/02180378250-e1/02180378250-e1.jpg'),
(141, 8, 'https://static.zara.net/assets/public/792c/b578/4ef946b9954b/393afe9bea38/02180378250-a3/02180378250-a3.jpg'),
(142, 8, 'https://static.zara.net/assets/public/6b7f/aacc/ec8c445f91a9/4dba3693b832/02180378250-a1/02180378250-a1.jpg'),
(143, 8, 'https://static.zara.net/assets/public/a96a/04af/927742a9a43a/43f338b35a38/02180378250-e4/02180378250-e4.jpg'),
(144, 8, 'https://static.zara.net/assets/public/2c2a/3225/fe2b477693f3/3e50ab55b466/02180378250-e3/02180378250-e3.jpg'),
(145, 8, 'https://static.zara.net/assets/public/09c5/bb49/4eff4f74b5ad/3bb40e9a4fa9/02180378250-p/02180378250-p.jpg'),
(146, 8, 'https://static.zara.net/assets/public/6307/0642/6dfb4f0ca144/a36517bde861/02180378250-a4/02180378250-a4.jpg'),
(147, 8, 'https://static.zara.net/assets/public/7ce1/207e/ebdd4450ac13/faebc1b45a79/02180378250-a2/02180378250-a2.jpg'),
(148, 8, 'https://static.zara.net/assets/public/cf1b/2c32/87354823a2d2/7e963c162be2/02180378250-e2/02180378250-e2.jpg'),
(149, 9, 'https://static.zara.net/assets/public/f3be/ba4c/5ad849f4ad03/33c6c4ec29ec/09874016051-e1/09874016051-e1.jpg'),
(150, 9, 'https://static.zara.net/assets/public/2a1e/0b96/1f0c4806b6e3/8aca0c947ca5/09874016051-p/09874016051-p.jpg'),
(151, 9, 'https://static.zara.net/assets/public/e903/df44/e8a745ea8059/877d4d149485/09874016051-e3/09874016051-e3.jpg'),
(152, 9, 'https://static.zara.net/assets/public/68d3/70a5/484c427fa40c/afef65e1fef7/09874016051-a1/09874016051-a1.jpg'),
(153, 9, 'https://static.zara.net/assets/public/52ed/c14e/c56346c2937e/88e806adf08a/09874016051-e2/09874016051-e2.jpg'),
(154, 10, 'https://static.zara.net/assets/public/6604/eff3/f8d14a3cad94/0c87c97f6097/03541331700-e2/03541331700-e2.jpg'),
(155, 10, 'https://static.zara.net/assets/public/80ad/2617/66f540acac6f/d6c7575aaff6/03541331700-a2/03541331700-a2.jpg'),
(156, 10, 'https://static.zara.net/assets/public/98d8/c652/284c4c2bb0ac/ab6c5f2f3cda/03541331700-a1/03541331700-a1.jpg'),
(157, 10, 'https://static.zara.net/assets/public/7253/536a/4fd1443d850a/e94bf3a2bb9a/03541331700-p/03541331700-p.jpg'),
(158, 10, 'https://static.zara.net/assets/public/30a5/349a/1b514836a1a9/9f4c86f06426/03541331700-e3/03541331700-e3.jpg'),
(159, 10, 'https://static.zara.net/assets/public/60b9/a14e/ac734e62bf79/e24813c07ee7/03541331700-e1/03541331700-e1.jpg'),
(160, 11, 'https://static.zara.net/assets/public/4fd9/a090/8ca443e3ae96/5177b28f7254/06895073942-e4/06895073942-e4.jpg'),
(161, 11, 'https://static.zara.net/assets/public/e272/7172/10894345b97b/e58e79e80af3/06895073942-e1/06895073942-e1.jpg'),
(162, 11, 'https://static.zara.net/assets/public/6473/885f/1f1147969e8f/a4986f04c676/06895073942-1-a2/06895073942-1-a2.jpg'),
(163, 11, 'https://static.zara.net/assets/public/257e/e79c/48a84eca86be/a48bc32a3a33/06895073942-1-a3/06895073942-1-a3.jpg'),
(164, 11, 'https://static.zara.net/assets/public/c88d/1a2d/066549a386da/9035bf178e93/06895073942-1-p/06895073942-1-p.jpg'),
(165, 11, 'https://static.zara.net/assets/public/2cc3/6975/890d41329cf6/f020416ffcdf/06895073942-e3/06895073942-e3.jpg'),
(166, 11, 'https://static.zara.net/assets/public/ac81/d569/36634124af6b/6cae93e885cd/06895073942-e5/06895073942-e5.jpg'),
(167, 11, 'https://static.zara.net/assets/public/2e82/d431/914344858032/34d502a6b848/06895073942-1-a1/06895073942-1-a1.jpg'),
(168, 11, 'https://static.zara.net/assets/public/8f04/a33c/38b047dcbc39/4a9a9ecc9df8/06895073942-e2/06895073942-e2.jpg'),
(169, 12, 'https://static.zara.net/assets/public/ec58/4515/91f8490db9df/6f28c8d410b5/04174351250-e1/04174351250-e1.jpg'),
(170, 12, 'https://static.zara.net/assets/public/96f1/cf56/21164ce4aaa7/41db0d0e93f2/04174351250-e2/04174351250-e2.jpg'),
(171, 12, 'https://static.zara.net/assets/public/6033/34ff/6f0548deb46e/9f1dce9cb04b/04174351250-e3/04174351250-e3.jpg'),
(172, 12, 'https://static.zara.net/assets/public/9adc/4366/68754ada9f51/636ffad2e51b/04174351250-p/04174351250-p.jpg'),
(173, 13, 'https://static.zara.net/assets/public/67e0/61e9/75384ccda795/0d4a7f038e48/07969041533-e3/07969041533-e3.jpg'),
(174, 13, 'https://static.zara.net/assets/public/0a3e/687f/c15d488c8fa2/0b24da578bfe/07969041533-a1/07969041533-a1.jpg'),
(175, 13, 'https://static.zara.net/assets/public/60be/02db/59194044b7ff/acb00ba17b30/07969041533-e4/07969041533-e4.jpg'),
(176, 13, 'https://static.zara.net/assets/public/dca1/6866/0f3f4021b17e/5fb6d1f35fbe/07969041533-p/07969041533-p.jpg'),
(177, 13, 'https://static.zara.net/assets/public/cadb/6b7e/f6134d078083/5c68d4b2a5a7/07969041533-e1/07969041533-e1.jpg'),
(178, 13, 'https://static.zara.net/assets/public/8b6c/bf2f/75824ddfbd99/ce085d173cc7/07969041533-e2/07969041533-e2.jpg'),
(179, 14, 'https://static.zara.net/assets/public/5ba4/7c36/d9894d06a3c1/add8ae6177a8/02387178632-e3/02387178632-e3.jpg'),
(180, 14, 'https://static.zara.net/assets/public/bd8d/de70/8ad94c94ad13/2bcc7e50bf7a/02387178632-1-a2/02387178632-1-a2.jpg'),
(181, 14, 'https://static.zara.net/assets/public/cfa8/c459/38b1425b922b/a18465f59c63/02387178632-1-a1/02387178632-1-a1.jpg'),
(182, 14, 'https://static.zara.net/assets/public/8692/b011/289443f99d38/f51f284d2c68/02387178632-e4/02387178632-e4.jpg'),
(183, 14, 'https://static.zara.net/assets/public/f5b0/7e0a/8cb64981a6d4/304410b94b86/02387178632-e1/02387178632-e1.jpg'),
(184, 14, 'https://static.zara.net/assets/public/94d5/1782/7fc64f2ebf6b/fd5f1a44a5de/02387178632-e5/02387178632-e5.jpg'),
(185, 14, 'https://static.zara.net/assets/public/e030/db79/1fcc4b658d74/f30490d0d165/02387178632-e2/02387178632-e2.jpg'),
(186, 14, 'https://static.zara.net/assets/public/9aab/5cac/97744be2b692/13a0ffd571b2/02387178632-1-p/02387178632-1-p.jpg'),
(187, 14, 'https://static.zara.net/assets/public/8f48/1a89/9b014104a03f/982c117550de/02387178632-1-a3/02387178632-1-a3.jpg'),
(188, 14, 'https://static.zara.net/assets/public/98b8/961a/73bc4ddda04f/f80933b3d73c/02387178632-1-a4/02387178632-1-a4.jpg'),
(189, 15, 'https://static.zara.net/assets/public/239a/2623/805343e2984d/40c74900f7d8/02157051721-p/02157051721-p.jpg'),
(190, 15, 'https://static.zara.net/assets/public/6a07/554b/39fc4ce49912/5744e7dd891f/02157051721-e2/02157051721-e2.jpg'),
(191, 15, 'https://static.zara.net/assets/public/e3f4/997e/5dd841e598fa/ac3cd1ddb18f/02157051721-e3/02157051721-e3.jpg'),
(192, 15, 'https://static.zara.net/assets/public/f4e6/db86/deab47eea55a/31f9f8349128/02157051721-a1/02157051721-a1.jpg'),
(193, 15, 'https://static.zara.net/assets/public/2483/7b16/f6da4e7da001/7ddb48262ef5/02157051721-e1/02157051721-e1.jpg'),
(194, 16, 'https://static.zara.net/assets/public/cefa/270f/d12443efa653/faf53bc34e46/00085366250-a3/00085366250-a3.jpg'),
(195, 16, 'https://static.zara.net/assets/public/530e/2286/17eb45789752/064a8268eacd/00085366250-e2/00085366250-e2.jpg'),
(196, 16, 'https://static.zara.net/assets/public/cb65/d7d9/a7504afe9de6/075ac1fe03fa/00085366250-a1/00085366250-a1.jpg'),
(197, 16, 'https://static.zara.net/assets/public/508a/239b/a547453dadac/4c6544e22e03/00085366250-a4/00085366250-a4.jpg'),
(198, 16, 'https://static.zara.net/assets/public/a2b5/803f/ee774701be83/88947daebe86/00085366250-p/00085366250-p.jpg'),
(199, 16, 'https://static.zara.net/assets/public/31ec/7e54/8ee2421a9a4b/c41a2cbf3cea/00085366250-a2/00085366250-a2.jpg'),
(200, 16, 'https://static.zara.net/assets/public/4ed0/fa0d/376e435b9ab8/a50d86096001/00085366250-e1/00085366250-e1.jpg'),
(201, 16, 'https://static.zara.net/assets/public/a1f1/1bf9/9f604207bede/14890af93a49/00085366250-e3/00085366250-e3.jpg'),
(202, 17, 'https://static.zara.net/assets/public/ddf0/420e/f3e34ee49590/36580e045c1a/02496113712-p/02496113712-p.jpg'),
(203, 17, 'https://static.zara.net/assets/public/cb87/f8c2/53e449bb833f/8e8fa55d0ce9/02496113712-e1/02496113712-e1.jpg'),
(204, 17, 'https://static.zara.net/assets/public/bb8b/5acb/05c14ec2a845/dead3639b8f4/02496113712-a2/02496113712-a2.jpg'),
(205, 17, 'https://static.zara.net/assets/public/a7c3/5b4f/0fde46b795f5/22fabc7d39a1/02496113712-e2/02496113712-e2.jpg'),
(206, 17, 'https://static.zara.net/assets/public/ec46/5f40/f9b94063bd42/ee1bf7f7e527/02496113712-a3/02496113712-a3.jpg'),
(207, 17, 'https://static.zara.net/assets/public/e870/5e24/bbe44a6095bf/9243185cb0ca/02496113712-a1/02496113712-a1.jpg'),
(208, 17, 'https://static.zara.net/assets/public/a745/4a86/e80941019e87/3a86d9ee044c/02496113712-e3/02496113712-e3.jpg'),
(209, 17, 'https://static.zara.net/assets/public/323b/eb47/9f654579b1cf/c54688aec4b9/02496113712-e4/02496113712-e4.jpg'),
(210, 17, 'https://static.zara.net/assets/public/cdbd/f92d/6c9f4b5aba41/a32b48f42524/02496113712-e5/02496113712-e5.jpg'),
(211, 18, 'https://static.zara.net/assets/public/9de2/3636/522f4c46a1cc/21ff653ecd64/05427453832-a3/05427453832-a3.jpg'),
(212, 18, 'https://static.zara.net/assets/public/2ac4/5bba/f01f4972a0ce/141dd06d62c2/05427453832-e2/05427453832-e2.jpg'),
(213, 18, 'https://static.zara.net/assets/public/d48f/c651/c7f940c78c9f/8b4ee06a52bf/05427453832-a1/05427453832-a1.jpg'),
(214, 18, 'https://static.zara.net/assets/public/1b3f/843d/3ab24c1fbe4f/41416c87271a/05427453832-p/05427453832-p.jpg'),
(215, 18, 'https://static.zara.net/assets/public/794c/1b85/89874e338433/950fb1af7343/05427453832-a4/05427453832-a4.jpg'),
(216, 18, 'https://static.zara.net/assets/public/3e53/580a/6b064b778b8a/d1f1f7d78ffe/05427453832-a2/05427453832-a2.jpg'),
(217, 18, 'https://static.zara.net/assets/public/d65d/ecd0/ffc348abaff5/dc99fba61730/05427453832-e1/05427453832-e1.jpg'),
(218, 18, 'https://static.zara.net/assets/public/031d/a602/f1bb445ca60c/c20193a0371f/05427453832-e3/05427453832-e3.jpg'),
(219, 19, 'https://static.zara.net/assets/public/e268/389e/2d664916967c/8a7c9b0b0be8/00264847251-p/00264847251-p.jpg'),
(220, 19, 'https://static.zara.net/assets/public/7552/f124/7e4c493eae93/67f8ab666971/00264847251-a3/00264847251-a3.jpg'),
(221, 19, 'https://static.zara.net/assets/public/3c49/6710/584c415bbae9/aec859065283/00264847251-a1/00264847251-a1.jpg'),
(222, 19, 'https://static.zara.net/assets/public/36ce/bb4e/28384ac38113/2bd30381907e/00264847251-e1/00264847251-e1.jpg'),
(223, 19, 'https://static.zara.net/assets/public/6d5c/ee20/74e04b88bff6/15999c5a345d/00264847251-e3/00264847251-e3.jpg'),
(224, 19, 'https://static.zara.net/assets/public/2e12/ae0e/cbe34eb788d5/40436834c536/00264847251-a2/00264847251-a2.jpg'),
(225, 19, 'https://static.zara.net/assets/public/487d/7c75/071144209ffe/3ee7c0d90830/00264847251-a4/00264847251-a4.jpg'),
(226, 19, 'https://static.zara.net/assets/public/a0ef/4007/1e5848b6be78/d9022f7daf03/00264847251-e2/00264847251-e2.jpg'),
(227, 20, 'https://static.zara.net/assets/public/ff03/cf59/7b334f298cea/1669c29b2e45/01165236046-p/01165236046-p.jpg'),
(228, 20, 'https://static.zara.net/assets/public/db16/2168/528a493c9447/704ee6006864/01165236046-a1/01165236046-a1.jpg'),
(229, 20, 'https://static.zara.net/assets/public/9a16/b6c9/adcc4055bda6/e0eaef8d4a3b/01165236046-e2/01165236046-e2.jpg'),
(230, 20, 'https://static.zara.net/assets/public/ff9a/88c2/f8fd4f5d821a/ec0d487c7512/01165236046-e3/01165236046-e3.jpg'),
(231, 20, 'https://static.zara.net/assets/public/275d/a3b7/bb744c50a5ff/e845d32aa259/01165236046-a2/01165236046-a2.jpg'),
(232, 20, 'https://static.zara.net/assets/public/d6ac/86d8/6dc649cfa6e9/d961fc053e08/01165236046-e1/01165236046-e1.jpg'),
(233, 20, 'https://static.zara.net/assets/public/3cd1/ce87/1e2a4b86b9d3/08a51ed24497/01165236046-e4/01165236046-e4.jpg'),
(234, 21, 'https://static.zara.net/assets/public/c71a/01bf/b1454664b66a/28fb871b06b9/04174332250-e1/04174332250-e1.jpg'),
(235, 21, 'https://static.zara.net/assets/public/8012/4990/71ae4272ab6f/eddf8bda7deb/04174332250-a2/04174332250-a2.jpg'),
(236, 21, 'https://static.zara.net/assets/public/69a5/a0db/9edf4547aed6/2e1d10593d25/04174332250-a3/04174332250-a3.jpg'),
(237, 21, 'https://static.zara.net/assets/public/d04e/65eb/1ca5415b8e52/f544e5862576/04174332250-e2/04174332250-e2.jpg'),
(238, 21, 'https://static.zara.net/assets/public/bb6e/b037/41bb4da6be62/5cd85e63c62d/04174332250-a1/04174332250-a1.jpg'),
(239, 21, 'https://static.zara.net/assets/public/bfcf/6bc1/a1fe465eaafe/824c7a7c3091/04174332250-e3/04174332250-e3.jpg'),
(240, 21, 'https://static.zara.net/assets/public/8ad9/e183/a5544893af8a/17b8af2182b0/04174332250-p/04174332250-p.jpg'),
(241, 22, 'https://static.zara.net/assets/public/047a/888b/fa514afdb8be/7d718b5c0c7b/03253322800-a4/03253322800-a4.jpg'),
(242, 22, 'https://static.zara.net/assets/public/7cb5/5602/0428465196b0/ea77ddd70f6a/03253322800-a2/03253322800-a2.jpg'),
(243, 22, 'https://static.zara.net/assets/public/33c5/e156/149c4a0c8573/6233c79416c8/03253322800-e3/03253322800-e3.jpg'),
(244, 22, 'https://static.zara.net/assets/public/c960/0a7c/d1594d358e35/f1f7b57f570f/03253322800-a3/03253322800-a3.jpg'),
(245, 22, 'https://static.zara.net/assets/public/682a/b8b8/db4d4c62b4f0/4e36adb4ce91/03253322800-a1/03253322800-a1.jpg'),
(246, 22, 'https://static.zara.net/assets/public/e89b/a08f/62ec41cebb12/1f8e2dcf9bfd/03253322800-e2/03253322800-e2.jpg'),
(247, 22, 'https://static.zara.net/assets/public/2a47/1340/4a9047bfa372/677241c088b5/03253322800-a5/03253322800-a5.jpg'),
(248, 22, 'https://static.zara.net/assets/public/dcfc/f64b/1f0f4df8a120/850b5328204f/03253322800-p/03253322800-p.jpg'),
(249, 22, 'https://static.zara.net/assets/public/6f48/6056/307541efab6a/ac7825651b8b/03253322800-e1/03253322800-e1.jpg'),
(250, 23, 'https://static.zara.net/assets/public/047a/888b/fa514afdb8be/7d718b5c0c7b/03253322800-a4/03253322800-a4.jpg'),
(251, 23, 'https://static.zara.net/assets/public/7cb5/5602/0428465196b0/ea77ddd70f6a/03253322800-a2/03253322800-a2.jpg'),
(252, 23, 'https://static.zara.net/assets/public/33c5/e156/149c4a0c8573/6233c79416c8/03253322800-e3/03253322800-e3.jpg'),
(253, 23, 'https://static.zara.net/assets/public/c960/0a7c/d1594d358e35/f1f7b57f570f/03253322800-a3/03253322800-a3.jpg'),
(254, 23, 'https://static.zara.net/assets/public/682a/b8b8/db4d4c62b4f0/4e36adb4ce91/03253322800-a1/03253322800-a1.jpg'),
(255, 23, 'https://static.zara.net/assets/public/e89b/a08f/62ec41cebb12/1f8e2dcf9bfd/03253322800-e2/03253322800-e2.jpg'),
(256, 23, 'https://static.zara.net/assets/public/2a47/1340/4a9047bfa372/677241c088b5/03253322800-a5/03253322800-a5.jpg'),
(257, 23, 'https://static.zara.net/assets/public/dcfc/f64b/1f0f4df8a120/850b5328204f/03253322800-p/03253322800-p.jpg'),
(258, 23, 'https://static.zara.net/assets/public/6f48/6056/307541efab6a/ac7825651b8b/03253322800-e1/03253322800-e1.jpg'),
(259, 24, 'https://static.zara.net/assets/public/a59b/ad80/302b44a7b245/4d1010e89ec8/03253325800-015-p/03253325800-015-p.jpg'),
(260, 24, 'https://static.zara.net/assets/public/4960/1647/b81a4825a74c/5e7b1e1530dc/03253325800-015-a4/03253325800-015-a4.jpg'),
(261, 24, 'https://static.zara.net/assets/public/8431/7924/03484426bb1c/50ffa796dd6b/03253325800-e1/03253325800-e1.jpg'),
(262, 24, 'https://static.zara.net/assets/public/4db5/23ab/74204c13ac65/9c4a8b2d89fc/03253325800-e2/03253325800-e2.jpg'),
(263, 24, 'https://static.zara.net/assets/public/37c3/2ef4/24ca449e8f0c/354b47f33aae/03253325800-015-a1/03253325800-015-a1.jpg'),
(264, 24, 'https://static.zara.net/assets/public/0d65/07d3/690c44619e7b/bb4c6fc38a49/03253325800-015-a3/03253325800-015-a3.jpg'),
(265, 24, 'https://static.zara.net/assets/public/0b93/d911/22114992b741/9cbbae861ad1/03253325800-e3/03253325800-e3.jpg'),
(266, 25, 'https://static.zara.net/assets/public/2645/3530/87114d66a52e/908e0ceec4f8/03482570052-e3/03482570052-e3.jpg'),
(267, 25, 'https://static.zara.net/assets/public/71c5/53de/7f0e42189498/7254d9e9431d/03482570052-e2/03482570052-e2.jpg'),
(268, 25, 'https://static.zara.net/assets/public/ea59/6673/fd96413d898b/d66b1cdf466d/03482570052-e1/03482570052-e1.jpg'),
(269, 25, 'https://static.zara.net/assets/public/9163/3e23/001147ab9adf/e75d4ebd54fa/03482570052-p/03482570052-p.jpg'),
(270, 26, 'https://static.zara.net/assets/public/a6de/175a/15f94dfeb126/84cbfcc82e92/02298022712-e3/02298022712-e3.jpg'),
(271, 26, 'https://static.zara.net/assets/public/979c/17e3/9ff04e77b3e0/d41d48c87444/02298022712-e4/02298022712-e4.jpg'),
(272, 26, 'https://static.zara.net/assets/public/dbe7/8a8f/c68146a493fa/7c245a8be454/02298022712-p/02298022712-p.jpg'),
(273, 26, 'https://static.zara.net/assets/public/2704/d9dd/71a14a96b980/f219c67f67cf/02298022712-a1/02298022712-a1.jpg'),
(274, 26, 'https://static.zara.net/assets/public/4941/e902/012b4b3bb770/6ceadd5cc50c/02298022712-e1/02298022712-e1.jpg'),
(275, 26, 'https://static.zara.net/assets/public/1308/3dee/e7d44013b246/54ede7bb5e9b/02298022712-e2/02298022712-e2.jpg'),
(276, 27, 'https://static.zara.net/assets/public/b114/6e96/9f404f47a1b0/5a23dceb64bf/02731240712-a3/02731240712-a3.jpg'),
(277, 27, 'https://static.zara.net/assets/public/58cf/be69/8a8e4fd29525/9bc40e75830f/02731240712-e5/02731240712-e5.jpg'),
(278, 27, 'https://static.zara.net/assets/public/b515/0107/da9247919dc1/cfa2ef702936/02731240712-e1/02731240712-e1.jpg'),
(279, 27, 'https://static.zara.net/assets/public/ee4c/c4f5/3c5b417194b4/20b7b10c10e4/02731240712-p/02731240712-p.jpg'),
(280, 27, 'https://static.zara.net/assets/public/9538/0c7d/808b4272b63c/13031fd47e47/02731240712-e2/02731240712-e2.jpg'),
(281, 27, 'https://static.zara.net/assets/public/9f18/d275/acba4ac180be/fd956c2a281c/02731240712-e3/02731240712-e3.jpg'),
(282, 27, 'https://static.zara.net/assets/public/310b/ddbc/dc104c53a959/e43ee3752901/02731240712-e4/02731240712-e4.jpg'),
(283, 27, 'https://static.zara.net/assets/public/b640/3e69/7e3e4fd596a9/59761d839e0a/02731240712-a2/02731240712-a2.jpg'),
(284, 27, 'https://static.zara.net/assets/public/5a3b/98ba/82ef40de9841/f3ebd54f503a/02731240712-a1/02731240712-a1.jpg'),
(285, 28, 'https://static.zara.net/assets/public/6c01/c11f/721643d3b875/b82f3e8fe75a/01255416251-a2/01255416251-a2.jpg'),
(286, 28, 'https://static.zara.net/assets/public/ed4a/ea58/65ed4a3b9ecb/348ec015018a/01255416251-e1/01255416251-e1.jpg'),
(287, 28, 'https://static.zara.net/assets/public/766c/d717/58244616b301/98b9898392bc/01255416251-p/01255416251-p.jpg'),
(288, 28, 'https://static.zara.net/assets/public/d1a8/a724/fb3f4153b0fd/49c6352b7a36/01255416251-e3/01255416251-e3.jpg'),
(289, 28, 'https://static.zara.net/assets/public/bbd1/a827/e7b7420faad9/1e23ea6e18ec/01255416251-a1/01255416251-a1.jpg'),
(290, 28, 'https://static.zara.net/assets/public/09cd/a934/78b14c1190fe/7988311053ae/01255416251-a3/01255416251-a3.jpg'),
(291, 28, 'https://static.zara.net/assets/public/f07a/d1cd/c8bb484088c5/75f015ddfa64/01255416251-a4/01255416251-a4.jpg'),
(292, 28, 'https://static.zara.net/assets/public/45de/cef5/306f41d9ba65/dfe649d44e18/01255416251-e2/01255416251-e2.jpg'),
(293, 29, 'https://static.zara.net/assets/public/8fe8/e3e7/f36e42a98fa8/02c3f527435d/03007714802-e25/03007714802-e25.jpg'),
(294, 29, 'https://static.zara.net/assets/public/2c49/7e6a/6fc941d9977f/8fed2921bcf7/03007714802-e6/03007714802-e6.jpg'),
(295, 29, 'https://static.zara.net/assets/public/e90d/473b/b5a149e1900c/a0b69f30d3b1/03007714802-e2/03007714802-e2.jpg'),
(296, 29, 'https://static.zara.net/assets/public/d084/8579/60da47eeb001/2a5ebd6913d2/03007714802-e5/03007714802-e5.jpg'),
(297, 29, 'https://static.zara.net/assets/public/c659/b5d3/006e4da097f3/691c7f229dda/03007714802-p/03007714802-p.jpg'),
(298, 29, 'https://static.zara.net/assets/public/8bf8/9e92/ec3647b389c7/9e8b76aaaadc/03007714802-e1/03007714802-e1.jpg'),
(299, 29, 'https://static.zara.net/assets/public/a42f/6db0/9f7444a598cf/6bca4d3ef530/03007714802-e3/03007714802-e3.jpg'),
(300, 29, 'https://static.zara.net/assets/public/e859/ad7b/e5fb45be811b/85660bd3354c/03007714802-e4/03007714802-e4.jpg'),
(301, 30, 'https://static.zara.net/assets/public/86bb/1bfe/75dd4348b0b9/d881ebbebb0e/09929428800-e3/09929428800-e3.jpg'),
(302, 30, 'https://static.zara.net/assets/public/715f/a3ad/6a2a44b5a8da/0ae0bed3da02/09929428800-a2/09929428800-a2.jpg'),
(303, 30, 'https://static.zara.net/assets/public/3a5d/7acc/f34c4141b7e8/d90dac0fd173/09929428800-a3/09929428800-a3.jpg'),
(304, 30, 'https://static.zara.net/assets/public/03ea/a88d/4bc34ddc9549/05a61dbabb07/09929428800-a4/09929428800-a4.jpg'),
(305, 30, 'https://static.zara.net/assets/public/5559/ff18/8a944252ba3d/e2938f079bc3/09929428800-e1/09929428800-e1.jpg'),
(306, 30, 'https://static.zara.net/assets/public/eaf1/0153/3b6a4a49aab4/7cfceb6a257b/09929428800-a1/09929428800-a1.jpg'),
(307, 30, 'https://static.zara.net/assets/public/1d17/23d8/f45849f4a6f1/ef83a4af213e/09929428800-p/09929428800-p.jpg'),
(308, 30, 'https://static.zara.net/assets/public/ac46/cd92/278b42dc881d/961861362294/09929428800-e2/09929428800-e2.jpg'),
(309, 30, 'https://static.zara.net/assets/public/8b8d/9e19/622a4f94bcb9/9d0df11a5fca/09929428800-e4/09929428800-e4.jpg'),
(310, 31, 'https://static.zara.net/assets/public/240d/852b/bf5e4db1a339/f0bf6aac072b/02142075300-e2/02142075300-e2.jpg'),
(311, 31, 'https://static.zara.net/assets/public/d65f/d291/4e73470d96f1/e7387611842a/02142075300-e3/02142075300-e3.jpg'),
(312, 31, 'https://static.zara.net/assets/public/fadf/8187/5bb64ac7a543/00bc12b32bc6/02142075300-e4/02142075300-e4.jpg'),
(313, 31, 'https://static.zara.net/assets/public/55b9/855f/4db143258114/bef4e7f9617e/02142075300-a1/02142075300-a1.jpg'),
(314, 31, 'https://static.zara.net/assets/public/6d64/1df2/5d164ea699a9/18335c3da420/02142075300-e1/02142075300-e1.jpg'),
(315, 31, 'https://static.zara.net/assets/public/c33b/a71d/ed3f42059a84/62769bcfcd9a/02142075300-p/02142075300-p.jpg'),
(316, 32, 'https://static.zara.net/assets/public/2b07/c217/455b444f8ba6/fd7e576d0209/05536068620-p/05536068620-p.jpg'),
(317, 32, 'https://static.zara.net/assets/public/c8ca/c90b/380848f69157/b413f708a12a/05536068620-a1/05536068620-a1.jpg'),
(318, 32, 'https://static.zara.net/assets/public/a51a/0d6f/c6f24d959786/65cd93e83f12/05536068620-e1/05536068620-e1.jpg'),
(319, 32, 'https://static.zara.net/assets/public/5625/db10/4a1648b5b1e9/cea570854b8e/05536068620-e3/05536068620-e3.jpg'),
(320, 32, 'https://static.zara.net/assets/public/fa85/9e93/1ccf462b8e03/e580fe683a90/05536068620-e2/05536068620-e2.jpg'),
(321, 33, 'https://static.zara.net/assets/public/72b3/95a6/9dc145f2ac45/be28481c0f81/07521032300-e1/07521032300-e1.jpg'),
(322, 33, 'https://static.zara.net/assets/public/5eff/2369/2d3e4a5f98cc/ba1cde61a579/07521032300-a3/07521032300-a3.jpg'),
(323, 33, 'https://static.zara.net/assets/public/fd0b/9b20/2bbf4201b349/fdde61a6b82e/07521032300-e2/07521032300-e2.jpg'),
(324, 33, 'https://static.zara.net/assets/public/8059/6b3a/a435439aa68e/76faac4c7f02/07521032300-a1/07521032300-a1.jpg'),
(325, 33, 'https://static.zara.net/assets/public/d6a3/0e01/98d64f6dafe2/090dd2b57e07/07521032300-a2/07521032300-a2.jpg'),
(326, 33, 'https://static.zara.net/assets/public/6b23/dc76/67da47f28695/53056d370faf/07521032300-e3/07521032300-e3.jpg'),
(327, 33, 'https://static.zara.net/assets/public/a010/1565/e44d4c51b1ca/a913ce7c178d/07521032300-p/07521032300-p.jpg'),
(328, 33, 'https://static.zara.net/assets/public/c193/1e32/c8dd4d07a658/be42651456b3/07521032300-a4/07521032300-a4.jpg'),
(329, 34, 'https://static.zara.net/assets/public/1795/be1b/ca3f45de99ef/e24e8170594c/03991010075-e1/03991010075-e1.jpg'),
(330, 34, 'https://static.zara.net/assets/public/eb35/e2e8/4b0143a48330/74c7553d2946/03991010075-e4/03991010075-e4.jpg'),
(331, 34, 'https://static.zara.net/assets/public/54c9/51b1/00a84d339b56/ed07ab04a2df/03991010075-p/03991010075-p.jpg'),
(332, 34, 'https://static.zara.net/assets/public/13a8/cb57/e9954aa0af3f/c191becde842/03991010075-a2/03991010075-a2.jpg'),
(333, 34, 'https://static.zara.net/assets/public/e808/8742/cf0046c391fa/62cac3d1b35f/03991010075-e2/03991010075-e2.jpg'),
(334, 34, 'https://static.zara.net/assets/public/39a2/7d1b/443a475c8c5a/9a0394b9272f/03991010075-a1/03991010075-a1.jpg'),
(335, 34, 'https://static.zara.net/assets/public/5e81/4010/9ee2461987ae/ef79e1df669a/03991010075-e3/03991010075-e3.jpg'),
(336, 35, 'https://static.zara.net/assets/public/727d/aeed/d10d4540a950/66622033bfb0/01957020052-a4/01957020052-a4.jpg'),
(337, 35, 'https://static.zara.net/assets/public/4f3e/eea6/8255441b81b5/e79ef77e041e/01957020052-a2/01957020052-a2.jpg'),
(338, 35, 'https://static.zara.net/assets/public/40f7/242d/4d75494cbcc6/3e8239dbd427/01957020052-e1/01957020052-e1.jpg'),
(339, 35, 'https://static.zara.net/assets/public/9fb8/65b6/af344c568ab7/79d27e28ba63/01957020052-p/01957020052-p.jpg'),
(340, 35, 'https://static.zara.net/assets/public/b517/46e9/d7e84c12b6bd/07f7d09d3da7/01957020052-e2/01957020052-e2.jpg'),
(341, 35, 'https://static.zara.net/assets/public/9c6b/40ff/43354dccacb0/2847a906a1bf/01957020052-e4/01957020052-e4.jpg'),
(342, 35, 'https://static.zara.net/assets/public/5330/4e16/8ec54c6c820c/0e06ed21cdf0/01957020052-a5/01957020052-a5.jpg'),
(343, 35, 'https://static.zara.net/assets/public/5121/a6b2/3a7d4b4e89c5/41a29aad0ed8/01957020052-a3/01957020052-a3.jpg'),
(344, 35, 'https://static.zara.net/assets/public/bea8/76d7/3baf4febbaa7/d200f5d72318/01957020052-a1/01957020052-a1.jpg'),
(345, 35, 'https://static.zara.net/assets/public/c968/5ec6/244947c584e9/903495a11fa9/01957020052-e3/01957020052-e3.jpg'),
(346, 36, 'https://static.zara.net/assets/public/b039/f8d1/9c214905a57b/42601dde9cf9/07200018044-a5/07200018044-a5.jpg'),
(347, 36, 'https://static.zara.net/assets/public/49bc/73d8/be5f484caea7/c9c192d26e27/07200018044-e3/07200018044-e3.jpg'),
(348, 36, 'https://static.zara.net/assets/public/aa39/25fd/a51340b8af20/8806d73a5a4b/07200018044-a3/07200018044-a3.jpg'),
(349, 36, 'https://static.zara.net/assets/public/f9c4/945a/67634b3dafcf/12ecfe65db1f/07200018044-e1/07200018044-e1.jpg'),
(350, 36, 'https://static.zara.net/assets/public/9245/d60a/09044d6dbe34/d951804fbdd3/07200018044-p/07200018044-p.jpg'),
(351, 36, 'https://static.zara.net/assets/public/390f/6fd8/f34d4bd084e0/fed775caf3b5/07200018044-e2/07200018044-e2.jpg'),
(352, 36, 'https://static.zara.net/assets/public/004c/5624/c6da427aa390/f305fc2611f2/07200018044-a1/07200018044-a1.jpg'),
(353, 36, 'https://static.zara.net/assets/public/8e95/c6ae/45bc4785a278/541593b99c5b/07200018044-a2/07200018044-a2.jpg'),
(354, 36, 'https://static.zara.net/assets/public/8bf1/6526/f57e42c982f1/f09ce33c3e5a/07200018044-a4/07200018044-a4.jpg'),
(355, 37, 'https://static.zara.net/assets/public/1780/d4fe/4d564c1e9dfc/7df13f1f3dd1/09598133712-a3/09598133712-a3.jpg'),
(356, 37, 'https://static.zara.net/assets/public/fe2a/0ebf/ee984a7ab66d/cfa92905d071/09598133712-e1/09598133712-e1.jpg'),
(357, 37, 'https://static.zara.net/assets/public/9bae/1009/73ec4b30b8a5/a27f778123bd/09598133712-a1/09598133712-a1.jpg'),
(358, 37, 'https://static.zara.net/assets/public/aca9/db45/f4d141139da1/30337e03a339/09598133712-p/09598133712-p.jpg'),
(359, 37, 'https://static.zara.net/assets/public/2a32/cd7a/3ba342ea9563/6833dd5f004c/09598133712-e2/09598133712-e2.jpg'),
(360, 37, 'https://static.zara.net/assets/public/eddb/898c/dc4448dfa13e/1b58bcc5e132/09598133712-e3/09598133712-e3.jpg'),
(361, 37, 'https://static.zara.net/assets/public/2a4e/a044/12d54a3c8162/9459a3bc375f/09598133712-a2/09598133712-a2.jpg'),
(362, 38, 'https://static.zara.net/assets/public/6eed/ee6b/55124a9ca335/596a85f4bc5b/03121802800-e4/03121802800-e4.jpg'),
(363, 38, 'https://static.zara.net/assets/public/cc94/d249/cf6142bd8c42/c2a264ba9e4c/03121802800-e1/03121802800-e1.jpg'),
(364, 38, 'https://static.zara.net/assets/public/f38a/7314/edee48a5bc61/7fde328a88dd/03121802800-e5/03121802800-e5.jpg'),
(365, 38, 'https://static.zara.net/assets/public/ef9b/df54/accf4d7d9c42/6cc03ab2594a/03121802800-a1/03121802800-a1.jpg'),
(366, 38, 'https://static.zara.net/assets/public/d471/c65e/d6394becb551/d12d32571fa7/03121802800-e3/03121802800-e3.jpg'),
(367, 38, 'https://static.zara.net/assets/public/528d/c20d/570342acb5a8/1f77996d7035/03121802800-a2/03121802800-a2.jpg'),
(368, 38, 'https://static.zara.net/assets/public/159c/5aba/acc149769fc0/1754e4f1f583/03121802800-e2/03121802800-e2.jpg'),
(369, 38, 'https://static.zara.net/assets/public/a761/4e54/274148eebe66/a3e9962617d4/03121802800-p/03121802800-p.jpg'),
(370, 39, 'https://static.zara.net/assets/public/e875/3419/68fc4753a7fb/a87dc375d893/02532178800-16-a1/02532178800-16-a1.jpg'),
(371, 39, 'https://static.zara.net/assets/public/ea6a/f372/d09e4c5c8eb7/22f0c426b286/02532178800-e5/02532178800-e5.jpg'),
(372, 39, 'https://static.zara.net/assets/public/41d3/c5b4/c6c54dfda040/11dd5fdd14c9/02532178800-e3/02532178800-e3.jpg'),
(373, 39, 'https://static.zara.net/assets/public/bf51/9e61/db5b41ff8d0a/89549d0b3bb6/02532178800-16-p/02532178800-16-p.jpg'),
(374, 39, 'https://static.zara.net/assets/public/513a/106d/4d26448f8fd9/b4632d164dfd/02532178800-e4/02532178800-e4.jpg'),
(375, 39, 'https://static.zara.net/assets/public/8fc8/1a27/59124eadb098/975e2b93cd3f/02532178800-16-a2/02532178800-16-a2.jpg'),
(376, 39, 'https://static.zara.net/assets/public/9532/21f9/c8764126aabf/81417ed8f009/02532178800-16-a3/02532178800-16-a3.jpg'),
(377, 39, 'https://static.zara.net/assets/public/c14f/3075/dac04e9d88cd/c8d130a98e70/02532178800-e2/02532178800-e2.jpg'),
(378, 39, 'https://static.zara.net/assets/public/478d/bd35/0b41494c90ec/f1a2a8d4316d/02532178800-e1/02532178800-e1.jpg'),
(379, 40, 'https://static.zara.net/assets/public/cca5/8235/ab8148be9676/2c261e100e9f/06895022712-a3/06895022712-a3.jpg'),
(380, 40, 'https://static.zara.net/assets/public/4abc/043d/f7a34319bb0b/1dbd25438509/06895022712-e2/06895022712-e2.jpg'),
(381, 40, 'https://static.zara.net/assets/public/602c/1692/c8d9407f8632/9b0e7d802b06/06895022712-a2/06895022712-a2.jpg'),
(382, 40, 'https://static.zara.net/assets/public/2bdb/917d/3ea24ecbb65d/e8b7dbe1db3f/06895022712-e1/06895022712-e1.jpg'),
(383, 40, 'https://static.zara.net/assets/public/49e0/9334/54ed4fde9678/8056e258147e/06895022712-e3/06895022712-e3.jpg'),
(384, 40, 'https://static.zara.net/assets/public/3fa7/b8ee/0b3b48118403/3b614cea5eba/06895022712-e4/06895022712-e4.jpg'),
(385, 40, 'https://static.zara.net/assets/public/4262/9e82/89f040f0bd42/5e0119d17fcf/06895022712-a1/06895022712-a1.jpg'),
(386, 40, 'https://static.zara.net/assets/public/9ecd/fa3f/d2aa478fbd1d/72bc16bae112/06895022712-p/06895022712-p.jpg'),
(387, 40, 'https://static.zara.net/assets/public/eaa0/a942/4fff423f9425/c31840ddc069/06895022712-a4/06895022712-a4.jpg'),
(388, 41, 'https://static.zara.net/assets/public/88e8/1c12/aa554ea0b3e7/a70bd89a5396/09929521505-e2/09929521505-e2.jpg'),
(389, 41, 'https://static.zara.net/assets/public/7bea/ee50/d9414fbf9a4e/9b0cc8996840/09929521505-e4/09929521505-e4.jpg'),
(390, 41, 'https://static.zara.net/assets/public/8e89/5dae/caa840aa90b4/ca938a2ed394/09929521505-e3/09929521505-e3.jpg'),
(391, 41, 'https://static.zara.net/assets/public/b35d/56e6/1859448c92ac/78fbb7df12f3/09929521505-a1/09929521505-a1.jpg'),
(392, 41, 'https://static.zara.net/assets/public/8535/dc10/4de249cc89ef/39cf9d5ae282/09929521505-p/09929521505-p.jpg'),
(393, 41, 'https://static.zara.net/assets/public/5458/7d75/f2e840aab447/e67cc835f434/09929521505-e1/09929521505-e1.jpg'),
(394, 42, 'https://static.zara.net/assets/public/38d5/cd95/55484c989ed3/0b036b1c0ced/02268187800-e5/02268187800-e5.jpg'),
(395, 42, 'https://static.zara.net/assets/public/d1ce/57fe/3c5e4639b86c/94c857bf53c1/02268187800-e6/02268187800-e6.jpg'),
(396, 42, 'https://static.zara.net/assets/public/d11c/ef11/00584e2eaf0b/7ea361244ff3/02268187800-a2/02268187800-a2.jpg'),
(397, 42, 'https://static.zara.net/assets/public/ca95/95d9/68324c0fbdb3/7902aada58fd/02268187800-p/02268187800-p.jpg'),
(398, 42, 'https://static.zara.net/assets/public/c27b/08a9/a9a243718cd5/7040e98a1ba8/02268187800-e2/02268187800-e2.jpg'),
(399, 42, 'https://static.zara.net/assets/public/e939/753d/52354bc4a96a/0b288dd26184/02268187800-a3/02268187800-a3.jpg'),
(400, 42, 'https://static.zara.net/assets/public/8195/f056/5da84b0783c1/9f97f3f1af67/02268187800-e3/02268187800-e3.jpg'),
(401, 42, 'https://static.zara.net/assets/public/ffcf/e040/1d6e443c92d7/18839ecaf351/02268187800-a1/02268187800-a1.jpg'),
(402, 42, 'https://static.zara.net/assets/public/1f3d/8987/32fa47af81d6/2139d5de7081/02268187800-e4/02268187800-e4.jpg'),
(403, 42, 'https://static.zara.net/assets/public/e775/3c4f/8ae943aba204/b67cd7f7f01f/02268187800-e1/02268187800-e1.jpg'),
(404, 43, 'https://static.zara.net/assets/public/1780/d4fe/4d564c1e9dfc/7df13f1f3dd1/09598133712-a3/09598133712-a3.jpg'),
(405, 43, 'https://static.zara.net/assets/public/aca9/db45/f4d141139da1/30337e03a339/09598133712-p/09598133712-p.jpg'),
(406, 43, 'https://static.zara.net/assets/public/eddb/898c/dc4448dfa13e/1b58bcc5e132/09598133712-e3/09598133712-e3.jpg'),
(407, 43, 'https://static.zara.net/assets/public/2a4e/a044/12d54a3c8162/9459a3bc375f/09598133712-a2/09598133712-a2.jpg'),
(408, 43, 'https://static.zara.net/assets/public/9bae/1009/73ec4b30b8a5/a27f778123bd/09598133712-a1/09598133712-a1.jpg'),
(409, 43, 'https://static.zara.net/assets/public/2a32/cd7a/3ba342ea9563/6833dd5f004c/09598133712-e2/09598133712-e2.jpg'),
(410, 43, 'https://static.zara.net/assets/public/fe2a/0ebf/ee984a7ab66d/cfa92905d071/09598133712-e1/09598133712-e1.jpg'),
(411, 44, 'https://static.zara.net/assets/public/cc94/d249/cf6142bd8c42/c2a264ba9e4c/03121802800-e1/03121802800-e1.jpg'),
(412, 44, 'https://static.zara.net/assets/public/ef9b/df54/accf4d7d9c42/6cc03ab2594a/03121802800-a1/03121802800-a1.jpg'),
(413, 44, 'https://static.zara.net/assets/public/6eed/ee6b/55124a9ca335/596a85f4bc5b/03121802800-e4/03121802800-e4.jpg'),
(414, 44, 'https://static.zara.net/assets/public/a761/4e54/274148eebe66/a3e9962617d4/03121802800-p/03121802800-p.jpg'),
(415, 44, 'https://static.zara.net/assets/public/f38a/7314/edee48a5bc61/7fde328a88dd/03121802800-e5/03121802800-e5.jpg'),
(416, 44, 'https://static.zara.net/assets/public/d471/c65e/d6394becb551/d12d32571fa7/03121802800-e3/03121802800-e3.jpg'),
(417, 44, 'https://static.zara.net/assets/public/528d/c20d/570342acb5a8/1f77996d7035/03121802800-a2/03121802800-a2.jpg'),
(418, 44, 'https://static.zara.net/assets/public/159c/5aba/acc149769fc0/1754e4f1f583/03121802800-e2/03121802800-e2.jpg'),
(419, 45, 'https://static.zara.net/assets/public/e875/3419/68fc4753a7fb/a87dc375d893/02532178800-16-a1/02532178800-16-a1.jpg'),
(420, 45, 'https://static.zara.net/assets/public/41d3/c5b4/c6c54dfda040/11dd5fdd14c9/02532178800-e3/02532178800-e3.jpg'),
(421, 45, 'https://static.zara.net/assets/public/c14f/3075/dac04e9d88cd/c8d130a98e70/02532178800-e2/02532178800-e2.jpg'),
(422, 45, 'https://static.zara.net/assets/public/513a/106d/4d26448f8fd9/b4632d164dfd/02532178800-e4/02532178800-e4.jpg'),
(423, 45, 'https://static.zara.net/assets/public/ea6a/f372/d09e4c5c8eb7/22f0c426b286/02532178800-e5/02532178800-e5.jpg'),
(424, 45, 'https://static.zara.net/assets/public/bf51/9e61/db5b41ff8d0a/89549d0b3bb6/02532178800-16-p/02532178800-16-p.jpg'),
(425, 45, 'https://static.zara.net/assets/public/8fc8/1a27/59124eadb098/975e2b93cd3f/02532178800-16-a2/02532178800-16-a2.jpg'),
(426, 45, 'https://static.zara.net/assets/public/9532/21f9/c8764126aabf/81417ed8f009/02532178800-16-a3/02532178800-16-a3.jpg'),
(427, 45, 'https://static.zara.net/assets/public/478d/bd35/0b41494c90ec/f1a2a8d4316d/02532178800-e1/02532178800-e1.jpg'),
(428, 46, 'https://static.zara.net/assets/public/4abc/043d/f7a34319bb0b/1dbd25438509/06895022712-e2/06895022712-e2.jpg'),
(429, 46, 'https://static.zara.net/assets/public/9ecd/fa3f/d2aa478fbd1d/72bc16bae112/06895022712-p/06895022712-p.jpg'),
(430, 46, 'https://static.zara.net/assets/public/4262/9e82/89f040f0bd42/5e0119d17fcf/06895022712-a1/06895022712-a1.jpg'),
(431, 46, 'https://static.zara.net/assets/public/cca5/8235/ab8148be9676/2c261e100e9f/06895022712-a3/06895022712-a3.jpg'),
(432, 46, 'https://static.zara.net/assets/public/eaa0/a942/4fff423f9425/c31840ddc069/06895022712-a4/06895022712-a4.jpg');
INSERT INTO `urundetay` (`id`, `urunId`, `urunUrl`) VALUES
(433, 46, 'https://static.zara.net/assets/public/3fa7/b8ee/0b3b48118403/3b614cea5eba/06895022712-e4/06895022712-e4.jpg'),
(434, 46, 'https://static.zara.net/assets/public/2bdb/917d/3ea24ecbb65d/e8b7dbe1db3f/06895022712-e1/06895022712-e1.jpg'),
(435, 46, 'https://static.zara.net/assets/public/49e0/9334/54ed4fde9678/8056e258147e/06895022712-e3/06895022712-e3.jpg'),
(436, 46, 'https://static.zara.net/assets/public/602c/1692/c8d9407f8632/9b0e7d802b06/06895022712-a2/06895022712-a2.jpg'),
(437, 47, 'https://static.zara.net/assets/public/b35d/56e6/1859448c92ac/78fbb7df12f3/09929521505-a1/09929521505-a1.jpg'),
(438, 47, 'https://static.zara.net/assets/public/7bea/ee50/d9414fbf9a4e/9b0cc8996840/09929521505-e4/09929521505-e4.jpg'),
(439, 47, 'https://static.zara.net/assets/public/88e8/1c12/aa554ea0b3e7/a70bd89a5396/09929521505-e2/09929521505-e2.jpg'),
(440, 47, 'https://static.zara.net/assets/public/8535/dc10/4de249cc89ef/39cf9d5ae282/09929521505-p/09929521505-p.jpg'),
(441, 47, 'https://static.zara.net/assets/public/5458/7d75/f2e840aab447/e67cc835f434/09929521505-e1/09929521505-e1.jpg'),
(442, 47, 'https://static.zara.net/assets/public/8e89/5dae/caa840aa90b4/ca938a2ed394/09929521505-e3/09929521505-e3.jpg'),
(443, 48, 'https://static.zara.net/assets/public/ffcf/e040/1d6e443c92d7/18839ecaf351/02268187800-a1/02268187800-a1.jpg'),
(444, 48, 'https://static.zara.net/assets/public/e939/753d/52354bc4a96a/0b288dd26184/02268187800-a3/02268187800-a3.jpg'),
(445, 48, 'https://static.zara.net/assets/public/e775/3c4f/8ae943aba204/b67cd7f7f01f/02268187800-e1/02268187800-e1.jpg'),
(446, 48, 'https://static.zara.net/assets/public/1f3d/8987/32fa47af81d6/2139d5de7081/02268187800-e4/02268187800-e4.jpg'),
(447, 48, 'https://static.zara.net/assets/public/d11c/ef11/00584e2eaf0b/7ea361244ff3/02268187800-a2/02268187800-a2.jpg'),
(448, 48, 'https://static.zara.net/assets/public/c27b/08a9/a9a243718cd5/7040e98a1ba8/02268187800-e2/02268187800-e2.jpg'),
(449, 48, 'https://static.zara.net/assets/public/ca95/95d9/68324c0fbdb3/7902aada58fd/02268187800-p/02268187800-p.jpg'),
(450, 48, 'https://static.zara.net/assets/public/38d5/cd95/55484c989ed3/0b036b1c0ced/02268187800-e5/02268187800-e5.jpg'),
(451, 48, 'https://static.zara.net/assets/public/8195/f056/5da84b0783c1/9f97f3f1af67/02268187800-e3/02268187800-e3.jpg'),
(452, 48, 'https://static.zara.net/assets/public/d1ce/57fe/3c5e4639b86c/94c857bf53c1/02268187800-e6/02268187800-e6.jpg'),
(453, 49, 'https://static.zara.net/assets/public/32be/eaa5/2a5a44c09a81/c28c966191bd/01063407250-a3/01063407250-a3.jpg'),
(454, 49, 'https://static.zara.net/assets/public/8a9e/9e74/e93b4c9da256/cf67b257cb4e/01063407250-a2/01063407250-a2.jpg'),
(455, 49, 'https://static.zara.net/assets/public/fd47/0128/b9de48678c20/08c4574eadfb/1689087323988/1689087323988.jpg'),
(456, 49, 'https://static.zara.net/assets/public/a17f/6b88/6b954205b6f7/7a10042789e6/01063407250-a4/01063407250-a4.jpg'),
(457, 49, 'https://static.zara.net/assets/public/f6d0/033c/d2874270b11f/cf81f4007844/1689087323990/1689087323990.jpg'),
(458, 49, 'https://static.zara.net/assets/public/113a/ceb5/c52a42b1b7f7/ee3792d6d87a/01063407250-a1/01063407250-a1.jpg'),
(459, 49, 'https://static.zara.net/assets/public/c929/22f5/a9f045d68dbc/4a867918c97f/1673338593459/1673338593459.jpg'),
(460, 49, 'https://static.zara.net/assets/public/0cf1/9fc3/3f0e4d4881d9/8d11ed4be3c0/01063407250-p/01063407250-p.jpg'),
(461, 50, 'https://static.zara.net/assets/public/cbfa/0a1d/cb474d45aadd/b41e71a24f1c/03090470403-p/03090470403-p.jpg'),
(462, 50, 'https://static.zara.net/assets/public/6db6/3f6a/0bdd49668b4e/ef17fe7ce21c/03090470403-e2/03090470403-e2.jpg'),
(463, 50, 'https://static.zara.net/assets/public/cfcc/6954/efa441eaba38/9cc29dbdf1fd/03090470403-e3/03090470403-e3.jpg'),
(464, 50, 'https://static.zara.net/assets/public/2046/3ef3/e29d4abe8903/5dd5038710c1/03090470403-a2/03090470403-a2.jpg'),
(465, 50, 'https://static.zara.net/assets/public/803f/d7fe/a8a04a06b77f/d7d3bd4679be/03090470403-a4/03090470403-a4.jpg'),
(466, 50, 'https://static.zara.net/assets/public/aec2/bfe5/533248f593e8/b485d6dd8c01/03090470403-a1/03090470403-a1.jpg'),
(467, 50, 'https://static.zara.net/assets/public/5c6c/300f/53d64afbb3d6/5ed15f6b2767/03090470403-e1/03090470403-e1.jpg'),
(468, 50, 'https://static.zara.net/assets/public/616e/8885/65794895969d/9b2f3cc83d6c/03090470403-a3/03090470403-a3.jpg'),
(469, 50, 'https://static.zara.net/assets/public/5c2e/f32a/b9d244a0b785/353a4a69b214/03090470403-a6/03090470403-a6.jpg'),
(470, 50, 'https://static.zara.net/assets/public/de57/6e64/1901431486a6/cb4c5b7ecb9c/03090470403-a5/03090470403-a5.jpg'),
(471, 51, 'https://static.zara.net/assets/public/2d76/a669/2ac24473a421/b39281016366/03090200800-a3/03090200800-a3.jpg'),
(472, 51, 'https://static.zara.net/assets/public/1e62/c21c/fcd943359cc8/13ba0337f71d/03090200800-a1/03090200800-a1.jpg'),
(473, 51, 'https://static.zara.net/assets/public/939b/ccad/f1ca460f90da/7e3bfbf6fe62/03090200800-e2/03090200800-e2.jpg'),
(474, 51, 'https://static.zara.net/assets/public/89c9/e687/f0e64dd88853/325f66343a05/03090200800-a5/03090200800-a5.jpg'),
(475, 51, 'https://static.zara.net/assets/public/54a3/6225/7f3045e38064/c4ff42d73a47/03090200800-a4/03090200800-a4.jpg'),
(476, 51, 'https://static.zara.net/assets/public/e4d5/402d/3ae34a429d32/d2da1b2ee688/03090200800-a2/03090200800-a2.jpg'),
(477, 51, 'https://static.zara.net/assets/public/c89c/930c/423644afb8f7/8a690429705f/03090200800-a6/03090200800-a6.jpg'),
(478, 51, 'https://static.zara.net/assets/public/c154/5787/c11b47c8aa05/f373dceb39e5/03090200800-e3/03090200800-e3.jpg'),
(479, 51, 'https://static.zara.net/assets/public/4b19/6e2b/b9fd418d9595/b5ea0bf0a2f4/03090200800-e1/03090200800-e1.jpg'),
(480, 51, 'https://static.zara.net/assets/public/8768/10f1/f7444144acb9/333b4e2789e7/03090200800-p/03090200800-p.jpg'),
(481, 52, 'https://static.zara.net/assets/public/009e/5248/f13841258cc1/cf0e125b43cc/07545244712-a3/07545244712-a3.jpg'),
(482, 52, 'https://static.zara.net/assets/public/0914/39a4/b95446a09d6d/9e8c44437292/07545244712-e2/07545244712-e2.jpg'),
(483, 52, 'https://static.zara.net/assets/public/2e30/74cb/c9684f15956c/e55c83035a40/07545244712-a4/07545244712-a4.jpg'),
(484, 52, 'https://static.zara.net/assets/public/1017/4ab8/59f643328722/1796309ae6f5/07545244712-p/07545244712-p.jpg'),
(485, 52, 'https://static.zara.net/assets/public/99d7/4b81/094a4af9a989/2f700b08a24e/07545244712-a6/07545244712-a6.jpg'),
(486, 52, 'https://static.zara.net/assets/public/ac54/e300/3aa042c081b4/d7f73e692522/07545244712-a1/07545244712-a1.jpg'),
(487, 52, 'https://static.zara.net/assets/public/b27c/f64e/914044478e94/3b21b062ee61/07545244712-a5/07545244712-a5.jpg'),
(488, 52, 'https://static.zara.net/assets/public/af66/39d7/b2d344d3b3d8/5696d1756648/07545244712-a2/07545244712-a2.jpg'),
(489, 52, 'https://static.zara.net/assets/public/c567/c415/b5ac4804b245/50ea3a602938/07545244712-e3/07545244712-e3.jpg'),
(490, 52, 'https://static.zara.net/assets/public/0b55/d26a/27cc431da8eb/595a7155957e/07545244712-e1/07545244712-e1.jpg'),
(491, 53, 'https://static.zara.net/assets/public/f65e/e2d6/783945a89e0a/c2ebab8dac9b/01063404250-p/01063404250-p.jpg'),
(492, 53, 'https://static.zara.net/assets/public/4da3/52ac/01314dcaab4d/779c40c51b45/01063404250-a3/01063404250-a3.jpg'),
(493, 53, 'https://static.zara.net/assets/public/76e6/a684/71694d6cb7a3/5e45024c5276/01063404250-e3/01063404250-e3.jpg'),
(494, 53, 'https://static.zara.net/assets/public/c1d1/d426/a14c4930bab7/f7cc4bd6fc9c/01063404250-a2/01063404250-a2.jpg'),
(495, 53, 'https://static.zara.net/assets/public/93fa/01ae/eafa42e98f0c/c31dda0f6900/01063404250-a1/01063404250-a1.jpg'),
(496, 53, 'https://static.zara.net/assets/public/614e/8845/06e1432e9e84/17df77067a57/01063404250-e1/01063404250-e1.jpg'),
(497, 53, 'https://static.zara.net/assets/public/5f82/0772/50b94f658f91/0b172b055ebf/01063404250-a4/01063404250-a4.jpg'),
(498, 53, 'https://static.zara.net/assets/public/6a74/caeb/221349818ef2/47f14adc6537/01063404250-e2/01063404250-e2.jpg'),
(499, 54, 'https://static.zara.net/assets/public/541f/dfc6/b9bb4b07b48c/8e489ee36c24/04609708706-e2/04609708706-e2.jpg'),
(500, 54, 'https://static.zara.net/assets/public/3383/7d95/25254b3abf3f/bce0f1b0eed8/04609708706-a1/04609708706-a1.jpg'),
(501, 54, 'https://static.zara.net/assets/public/6e1d/d77f/7b394d2f9252/e2ff5e633e34/04609708706-a3/04609708706-a3.jpg'),
(502, 54, 'https://static.zara.net/assets/public/425b/fc0f/bb4449219d20/c9e72e863c7b/04609708706-e3/04609708706-e3.jpg'),
(503, 54, 'https://static.zara.net/assets/public/b484/ea40/5213499d897e/d5bffdd09df4/04609708706-e1/04609708706-e1.jpg'),
(504, 54, 'https://static.zara.net/assets/public/d2d3/cedd/c3ae4d568008/232cc734ee73/04609708706-a4/04609708706-a4.jpg'),
(505, 54, 'https://static.zara.net/assets/public/b37f/b682/c5ae47b0b0da/013d14a03ed5/04609708706-a2/04609708706-a2.jpg'),
(506, 54, 'https://static.zara.net/assets/public/9758/ae8a/1ac04e978c27/1fda69d4c35b/04609708706-p/04609708706-p.jpg'),
(507, 55, 'https://static.zara.net/assets/public/2dbe/5562/a01a42b184e1/b3efc22032c6/04856708250-e1/04856708250-e1.jpg'),
(508, 55, 'https://static.zara.net/assets/public/5d29/3fd3/462c433eab98/244b8e1142f4/04856708250-e2/04856708250-e2.jpg'),
(509, 55, 'https://static.zara.net/assets/public/2e6d/ac2b/a8ef40c5b854/d0f93dc2b756/04856708250-p/04856708250-p.jpg'),
(510, 55, 'https://static.zara.net/assets/public/b63a/cdd9/614142dd8279/e018b27d4895/04856708250-a1/04856708250-a1.jpg'),
(511, 55, 'https://static.zara.net/assets/public/694e/28da/b3b54188aacd/538318efec21/04856708250-a5/04856708250-a5.jpg'),
(512, 55, 'https://static.zara.net/assets/public/64e1/3999/1f654621b302/d7daecba7ca6/04856708250-e3/04856708250-e3.jpg'),
(513, 55, 'https://static.zara.net/assets/public/e86e/2be3/0d484c21b4bd/addbae3e5ee8/04856708250-a2/04856708250-a2.jpg'),
(514, 55, 'https://static.zara.net/assets/public/83d8/0c63/719b428e8359/f89bae25a26f/04856708250-a3/04856708250-a3.jpg'),
(515, 55, 'https://static.zara.net/assets/public/c798/22e3/432a4cd19a85/baf768e31c70/04856708250-a4/04856708250-a4.jpg'),
(516, 56, 'https://static.zara.net/assets/public/def5/3a50/2f684d44bd8f/0c083dce661d/04462401250-e2/04462401250-e2.jpg'),
(517, 56, 'https://static.zara.net/assets/public/f29d/dad2/8d8245949924/357941496c5a/04462401250-e1/04462401250-e1.jpg'),
(518, 56, 'https://static.zara.net/assets/public/1157/eee8/c24941cda252/bbaf94c33af4/04462401250-a4/04462401250-a4.jpg'),
(519, 56, 'https://static.zara.net/assets/public/8586/a324/5b854afa9cb7/06612390832f/04462401250-a5/04462401250-a5.jpg'),
(520, 56, 'https://static.zara.net/assets/public/8662/8757/9c2641f7ba4b/18c3e1c0c4cc/04462401250-p/04462401250-p.jpg'),
(521, 56, 'https://static.zara.net/assets/public/44fa/52b9/bdd34f729900/9b205436b853/04462401250-a3/04462401250-a3.jpg'),
(522, 56, 'https://static.zara.net/assets/public/34f0/4a59/9e3d4803bb63/1e901dd6f6f7/04462401250-a1/04462401250-a1.jpg'),
(523, 56, 'https://static.zara.net/assets/public/d4ee/ea54/4fe14cedaf7a/79391430ed44/04462401250-e3/04462401250-e3.jpg'),
(524, 56, 'https://static.zara.net/assets/public/5234/2bde/707d4a0893b1/bf3da2e43037/04462401250-a2/04462401250-a2.jpg'),
(525, 57, 'https://static.zara.net/assets/public/dc28/d3a1/5aa24c208e99/c9f47466afc5/01063417610-e1/01063417610-e1.jpg'),
(526, 57, 'https://static.zara.net/assets/public/d9ab/611e/c6724dddada3/f4c5c9d16418/01063417610-e3/01063417610-e3.jpg'),
(527, 57, 'https://static.zara.net/assets/public/91c6/a77f/377c46c18b8d/67f7befa5d76/01063417610-a1/01063417610-a1.jpg'),
(528, 57, 'https://static.zara.net/assets/public/882b/f92d/816745e1a8f7/133e7d555cc1/01063417610-p/01063417610-p.jpg'),
(529, 57, 'https://static.zara.net/assets/public/8f64/bef6/510c40a0a078/1f3f1cd23167/01063417610-e2/01063417610-e2.jpg'),
(530, 57, 'https://static.zara.net/assets/public/8316/b1ac/3d004699ba1e/b53b994a4e51/01063417610-a3/01063417610-a3.jpg'),
(531, 57, 'https://static.zara.net/assets/public/618b/9f24/2f9c4fca8a33/a7ea2e2460f8/01063417610-a4/01063417610-a4.jpg'),
(532, 57, 'https://static.zara.net/assets/public/e781/89e1/9c6744e0844b/abf3b2d2df88/01063417610-a5/01063417610-a5.jpg'),
(533, 57, 'https://static.zara.net/assets/public/d7eb/acd4/9cbd4794a74f/c60bca073caf/01063417610-a2/01063417610-a2.jpg'),
(534, 58, 'https://static.zara.net/assets/public/6d1b/2ccc/959b436e822c/8caa3ba57920/01063406251-a5/01063406251-a5.jpg'),
(535, 58, 'https://static.zara.net/assets/public/2510/b1f8/f054496faa78/d08cad82a918/01063406251-a1/01063406251-a1.jpg'),
(536, 58, 'https://static.zara.net/assets/public/b80f/094e/d35f49d4b758/f221196d2dd5/01063406251-e3/01063406251-e3.jpg'),
(537, 58, 'https://static.zara.net/assets/public/2c26/0cf1/52eb4934b450/352ea5218a9f/01063406251-p/01063406251-p.jpg'),
(538, 58, 'https://static.zara.net/assets/public/5aba/a34b/4fdd4601a667/27b89100b6ce/01063406251-e2/01063406251-e2.jpg'),
(539, 58, 'https://static.zara.net/assets/public/0b4a/acb8/85e14d4a81a2/e08934c151d7/01063406251-a3/01063406251-a3.jpg'),
(540, 58, 'https://static.zara.net/assets/public/8ed1/548f/cacc45b89e77/8e29f775001c/01063406251-a4/01063406251-a4.jpg'),
(541, 58, 'https://static.zara.net/assets/public/2c73/4dff/2d8340cb9d81/86589d2c52df/01063406251-e1/01063406251-e1.jpg'),
(542, 58, 'https://static.zara.net/assets/public/a974/5a3d/234644ac8c2f/403c8e015853/01063406251-a2/01063406251-a2.jpg'),
(543, 59, 'https://static.zara.net/assets/public/def5/3a50/2f684d44bd8f/0c083dce661d/04462401250-e2/04462401250-e2.jpg'),
(544, 59, 'https://static.zara.net/assets/public/f29d/dad2/8d8245949924/357941496c5a/04462401250-e1/04462401250-e1.jpg'),
(545, 59, 'https://static.zara.net/assets/public/1157/eee8/c24941cda252/bbaf94c33af4/04462401250-a4/04462401250-a4.jpg'),
(546, 59, 'https://static.zara.net/assets/public/8586/a324/5b854afa9cb7/06612390832f/04462401250-a5/04462401250-a5.jpg'),
(547, 59, 'https://static.zara.net/assets/public/8662/8757/9c2641f7ba4b/18c3e1c0c4cc/04462401250-p/04462401250-p.jpg'),
(548, 59, 'https://static.zara.net/assets/public/44fa/52b9/bdd34f729900/9b205436b853/04462401250-a3/04462401250-a3.jpg'),
(549, 59, 'https://static.zara.net/assets/public/34f0/4a59/9e3d4803bb63/1e901dd6f6f7/04462401250-a1/04462401250-a1.jpg'),
(550, 59, 'https://static.zara.net/assets/public/d4ee/ea54/4fe14cedaf7a/79391430ed44/04462401250-e3/04462401250-e3.jpg'),
(551, 59, 'https://static.zara.net/assets/public/5234/2bde/707d4a0893b1/bf3da2e43037/04462401250-a2/04462401250-a2.jpg'),
(552, 60, 'https://static.zara.net/assets/public/65a3/f540/d95d48489f3f/15e189f6d46e/06987432427-a2/06987432427-a2.jpg'),
(553, 60, 'https://static.zara.net/assets/public/da04/93d0/e8a14760a921/44eadcfc3aea/06987432427-a1/06987432427-a1.jpg'),
(554, 60, 'https://static.zara.net/assets/public/ebec/ae24/6e0144069ba1/91b650d32287/06987432427-a3/06987432427-a3.jpg'),
(555, 60, 'https://static.zara.net/assets/public/f7b6/712e/2d0b4529bcaa/3f33705999ea/06987432427-e2/06987432427-e2.jpg'),
(556, 60, 'https://static.zara.net/assets/public/e031/64d9/0f04434fb42b/0caa09d77dac/06987432427-e3/06987432427-e3.jpg'),
(557, 60, 'https://static.zara.net/assets/public/230a/59f1/ea7a4539a4c3/acca72a18b09/06987432427-p/06987432427-p.jpg'),
(558, 60, 'https://static.zara.net/assets/public/487d/c73e/fbaf40048509/d6817f5e9891/06987432427-a4/06987432427-a4.jpg'),
(559, 60, 'https://static.zara.net/assets/public/aa43/ea14/0e1540158542/6cf11fc46f5b/06987432427-e1/06987432427-e1.jpg'),
(560, 61, 'https://static.zara.net/assets/public/cbfa/0a1d/cb474d45aadd/b41e71a24f1c/03090470403-p/03090470403-p.jpg'),
(561, 61, 'https://static.zara.net/assets/public/6db6/3f6a/0bdd49668b4e/ef17fe7ce21c/03090470403-e2/03090470403-e2.jpg'),
(562, 61, 'https://static.zara.net/assets/public/cfcc/6954/efa441eaba38/9cc29dbdf1fd/03090470403-e3/03090470403-e3.jpg'),
(563, 61, 'https://static.zara.net/assets/public/2046/3ef3/e29d4abe8903/5dd5038710c1/03090470403-a2/03090470403-a2.jpg'),
(564, 61, 'https://static.zara.net/assets/public/803f/d7fe/a8a04a06b77f/d7d3bd4679be/03090470403-a4/03090470403-a4.jpg'),
(565, 61, 'https://static.zara.net/assets/public/aec2/bfe5/533248f593e8/b485d6dd8c01/03090470403-a1/03090470403-a1.jpg'),
(566, 61, 'https://static.zara.net/assets/public/5c6c/300f/53d64afbb3d6/5ed15f6b2767/03090470403-e1/03090470403-e1.jpg'),
(567, 61, 'https://static.zara.net/assets/public/616e/8885/65794895969d/9b2f3cc83d6c/03090470403-a3/03090470403-a3.jpg'),
(568, 61, 'https://static.zara.net/assets/public/5c2e/f32a/b9d244a0b785/353a4a69b214/03090470403-a6/03090470403-a6.jpg'),
(569, 61, 'https://static.zara.net/assets/public/de57/6e64/1901431486a6/cb4c5b7ecb9c/03090470403-a5/03090470403-a5.jpg'),
(570, 62, 'https://static.zara.net/assets/public/db00/1549/4cd14636a6f0/021118460709/00975291712-a3/00975291712-a3.jpg'),
(571, 62, 'https://static.zara.net/assets/public/5514/5fbc/dd6f40a58ecf/95cd547680f5/00975291712-e3/00975291712-e3.jpg'),
(572, 62, 'https://static.zara.net/assets/public/bf9d/75fb/24cc4cdfbddd/2869c89403b9/00975291712-p/00975291712-p.jpg'),
(573, 62, 'https://static.zara.net/assets/public/515b/36b9/b5554fc2b338/b26a2429f465/00975291712-a2/00975291712-a2.jpg'),
(574, 62, 'https://static.zara.net/assets/public/c89a/561e/9f8e4d699b97/590f6b0fa33f/00975291712-e2/00975291712-e2.jpg'),
(575, 62, 'https://static.zara.net/assets/public/250b/12b0/7d924daaa949/bcc1bdab0d96/00975291712-a4/00975291712-a4.jpg'),
(576, 62, 'https://static.zara.net/assets/public/9a21/828a/1e944dc49a41/1eb91fbb64a7/00975291712-a1/00975291712-a1.jpg'),
(577, 62, 'https://static.zara.net/assets/public/2d6e/fead/489d42a08f14/fea7dd434d06/00975291712-e1/00975291712-e1.jpg'),
(578, 62, 'https://static.zara.net/assets/public/8599/d9d9/eafd427b98fd/e865da03b41a/00975291712-a5/00975291712-a5.jpg'),
(579, 63, 'https://static.zara.net/assets/public/13da/8672/30dd47cd813a/91633e35b818/04408474250-a5/04408474250-a5.jpg'),
(580, 63, 'https://static.zara.net/assets/public/2079/7657/a5194f0a95a6/ec4ea4e8a5c1/04408147250-e2/04408147250-e2.jpg'),
(581, 63, 'https://static.zara.net/assets/public/818a/402c/b84345169869/2197b05f9aa0/04408147250-e3/04408147250-e3.jpg'),
(582, 63, 'https://static.zara.net/assets/public/d77e/71c7/604f43cfb6ee/e6fb1e036012/04408474250-a2/04408474250-a2.jpg'),
(583, 63, 'https://static.zara.net/assets/public/6239/9b49/01ca4821ae01/a69cfa591b06/04408147250-e5/04408147250-e5.jpg'),
(584, 63, 'https://static.zara.net/assets/public/07d8/305a/21084988831b/ca4a18681bcd/04408147250-e1/04408147250-e1.jpg'),
(585, 63, 'https://static.zara.net/assets/public/1798/7aac/079d47349a2c/8209ff4586e9/04408147250-e4/04408147250-e4.jpg'),
(586, 63, 'https://static.zara.net/assets/public/2dc7/60e2/25c54e578cbe/04e4caa3b06e/04408474250-a1/04408474250-a1.jpg'),
(587, 63, 'https://static.zara.net/assets/public/c026/8365/047748cbae20/aef1331611f4/04408474250-a3/04408474250-a3.jpg'),
(588, 63, 'https://static.zara.net/assets/public/ab45/9260/5fd84745b32a/77b79eb0f921/04408474250-a4/04408474250-a4.jpg'),
(589, 63, 'https://static.zara.net/assets/public/021c/20d6/25814622a083/64986afc4fe8/04408474250-p/04408474250-p.jpg'),
(590, 64, 'https://static.zara.net/assets/public/f16b/3300/b6ff4321bf14/4189b48ab550/07545504401-a2/07545504401-a2.jpg'),
(591, 64, 'https://static.zara.net/assets/public/79eb/8c7f/f19d4f919631/93029f414258/07545504401-a1/07545504401-a1.jpg'),
(592, 64, 'https://static.zara.net/assets/public/e1ac/571f/5ee747ef9387/690e82315f15/07545504401-a5/07545504401-a5.jpg'),
(593, 64, 'https://static.zara.net/assets/public/47ea/ef52/cc094160b43f/37d1de678cb0/07545504401-a3/07545504401-a3.jpg'),
(594, 64, 'https://static.zara.net/assets/public/c344/9d5a/b3904311a6e4/866c2bb13da1/04201570401-e3/04201570401-e3.jpg'),
(595, 64, 'https://static.zara.net/assets/public/071e/7e3f/63d74a29a0da/f2bd81e3705e/04201570401-e5/04201570401-e5.jpg'),
(596, 64, 'https://static.zara.net/assets/public/58c2/5b7e/b9e14ba5860f/24d3a8c22e0b/07545504401-a4/07545504401-a4.jpg'),
(597, 64, 'https://static.zara.net/assets/public/9c56/1b06/c630445eb241/14dd56a1159e/04201570401-e4/04201570401-e4.jpg'),
(598, 64, 'https://static.zara.net/assets/public/0f5f/6ea2/9f4a4ae88290/7d0b85456cc1/04201570401-e2/04201570401-e2.jpg'),
(599, 64, 'https://static.zara.net/assets/public/1b44/2f57/4244467a869b/b09995800729/07545504401-p/07545504401-p.jpg'),
(600, 64, 'https://static.zara.net/assets/public/3cb0/4d2a/95374879afce/5a05d50eac4d/04201570401-e1/04201570401-e1.jpg'),
(601, 65, 'https://static.zara.net/assets/public/5f4c/4017/11d942258e1a/9aaa5edd37b6/05680474250-e5/05680474250-e5.jpg'),
(602, 65, 'https://static.zara.net/assets/public/7a41/aa18/11b64a5d8c85/f54cb1d37d5d/05680474250-a4/05680474250-a4.jpg'),
(603, 65, 'https://static.zara.net/assets/public/f149/8eda/e97a474bab1e/db998f0bea1e/05680474250-a3/05680474250-a3.jpg'),
(604, 65, 'https://static.zara.net/assets/public/e0f4/c49c/124a47acb997/e4cbb93dc585/05680474250-e2/05680474250-e2.jpg'),
(605, 65, 'https://static.zara.net/assets/public/d0fc/df30/2036498fa479/c082847fee23/05680474250-e3/05680474250-e3.jpg'),
(606, 65, 'https://static.zara.net/assets/public/e1d9/53b3/3bb649afadd1/5995975445f2/05680474250-e4/05680474250-e4.jpg'),
(607, 65, 'https://static.zara.net/assets/public/b8ad/daf2/6ca44fbeb5fc/9f8569f4dfb9/05680474250-a1/05680474250-a1.jpg'),
(608, 65, 'https://static.zara.net/assets/public/2abc/0ccc/e93c4d1eafdc/683e0db7f36d/05680474250-a2/05680474250-a2.jpg'),
(609, 65, 'https://static.zara.net/assets/public/915b/bf7e/69c3440082c2/bcab4a6dca40/05680474250-p/05680474250-p.jpg'),
(610, 65, 'https://static.zara.net/assets/public/73e5/5700/ee114fe78468/55ba5c0ebbb8/05680474250-e1/05680474250-e1.jpg'),
(611, 66, 'https://static.zara.net/assets/public/a3dc/4c01/fbe1490595a9/1a9f56be0070/03090402250-e3/03090402250-e3.jpg'),
(612, 66, 'https://static.zara.net/assets/public/505c/c652/6176415bb98a/48030887d594/03090402250-a4/03090402250-a4.jpg'),
(613, 66, 'https://static.zara.net/assets/public/9acc/6d59/15914a939316/4a0baacdd658/03090402250-e1/03090402250-e1.jpg'),
(614, 66, 'https://static.zara.net/assets/public/007e/6d51/cc5f499299f4/fd070ab99a6f/03090402250-e2/03090402250-e2.jpg'),
(615, 66, 'https://static.zara.net/assets/public/e07c/5dbc/a3b24824ae41/9ef4419428da/03090402250-e5/03090402250-e5.jpg'),
(616, 66, 'https://static.zara.net/assets/public/fa94/c601/64fb491b8809/3851749586da/03090402250-p/03090402250-p.jpg'),
(617, 66, 'https://static.zara.net/assets/public/ce69/906d/8c3649ad962e/2f116d3085d0/03090402250-a2/03090402250-a2.jpg'),
(618, 66, 'https://static.zara.net/assets/public/c352/3bda/70ab4a94849b/09bdbaadbf0d/03090402250-e4/03090402250-e4.jpg'),
(619, 66, 'https://static.zara.net/assets/public/1168/e4e4/fe0f4ba8858b/900afbed5eb0/03090402250-a1/03090402250-a1.jpg'),
(620, 66, 'https://static.zara.net/assets/public/78da/904b/df604a599821/87bf17f81272/03090402250-a3/03090402250-a3.jpg'),
(621, 67, 'https://static.zara.net/assets/public/c781/c2df/6cc0463382f4/a6ca261e5253/03090403104-e5/03090403104-e5.jpg'),
(622, 67, 'https://static.zara.net/assets/public/8531/b748/7bf64bc9894c/c5701c879ffe/03090403104-e3/03090403104-e3.jpg'),
(623, 67, 'https://static.zara.net/assets/public/e721/25f3/b7c14bb4a716/ee7643ca52d9/03090403104-a4/03090403104-a4.jpg'),
(624, 67, 'https://static.zara.net/assets/public/1cf6/7418/a52243e3b4a9/42ff44a8e02d/03090403104-a2/03090403104-a2.jpg'),
(625, 67, 'https://static.zara.net/assets/public/299f/1e9d/5cd14fe1a7cf/e5e674f2fa08/03090403104-e1/03090403104-e1.jpg'),
(626, 67, 'https://static.zara.net/assets/public/5e55/95f5/1ed048329b65/6a73a50f33ec/03090403104-a1/03090403104-a1.jpg'),
(627, 67, 'https://static.zara.net/assets/public/854f/4117/4d83439280ea/d42736594a81/03090403104-e4/03090403104-e4.jpg'),
(628, 67, 'https://static.zara.net/assets/public/2702/cd4a/1359490eb863/a785d08a3415/03090403104-a5/03090403104-a5.jpg'),
(629, 67, 'https://static.zara.net/assets/public/fc6b/6570/988d438b9d25/84267450f903/03090403104-p/03090403104-p.jpg'),
(630, 67, 'https://static.zara.net/assets/public/7111/8598/d0e24edcb245/9fc7a5e4b209/03090403104-e2/03090403104-e2.jpg'),
(631, 67, 'https://static.zara.net/assets/public/d998/f813/020545f5b507/9cb571f8c95a/03090403104-a3/03090403104-a3.jpg'),
(632, 68, 'https://static.zara.net/assets/public/63d8/2d31/8f114f228ea7/e22dbec600ad/03665453250-a2/03665453250-a2.jpg'),
(633, 68, 'https://static.zara.net/assets/public/09eb/f7dc/b9444b928cf8/36466bcdafcd/03665453250-e3/03665453250-e3.jpg'),
(634, 68, 'https://static.zara.net/assets/public/bca7/e008/fed246d09455/6efb3b069625/03665453250-a1/03665453250-a1.jpg'),
(635, 68, 'https://static.zara.net/assets/public/3590/fc1d/75854b1a9ee6/c5d74c2ccbc5/03665453250-p/03665453250-p.jpg'),
(636, 68, 'https://static.zara.net/assets/public/0331/8a56/594349cea5d5/a7cb7ad09545/03665453250-a4/03665453250-a4.jpg'),
(637, 68, 'https://static.zara.net/assets/public/a1c2/bdec/b8df4602a06a/b470c0b9f9ec/03665453250-a3/03665453250-a3.jpg'),
(638, 68, 'https://static.zara.net/assets/public/d5a5/8911/ff1a4485a827/3d8b931e0454/03665453250-e2/03665453250-e2.jpg'),
(639, 68, 'https://static.zara.net/assets/public/1cd8/4af4/d97444258d8d/afbc3daade58/03665453250-a5/03665453250-a5.jpg'),
(640, 68, 'https://static.zara.net/assets/public/1967/dbc2/a40148388d8b/72cb2748f0e6/03665453250-e1/03665453250-e1.jpg'),
(641, 69, 'https://static.zara.net/assets/public/27ab/06b5/33764347922f/a303a7fb3e73/00722426251-a2/00722426251-a2.jpg'),
(642, 69, 'https://static.zara.net/assets/public/730d/66ad/a77941a994c2/525ec0b58216/00722426251-e3/00722426251-e3.jpg'),
(643, 69, 'https://static.zara.net/assets/public/204c/40bc/befc49d187d9/33f24a22236f/00722426251-e2/00722426251-e2.jpg'),
(644, 69, 'https://static.zara.net/assets/public/9ee6/5e75/bf2346269754/8eb23d38e9d2/00722426251-p/00722426251-p.jpg'),
(645, 69, 'https://static.zara.net/assets/public/8028/087e/21aa4286a8df/76d32d00a82e/00722426251-e1/00722426251-e1.jpg'),
(646, 69, 'https://static.zara.net/assets/public/81c0/512a/b5a84d4b9dcc/1aa6b2989478/00722426251-a4/00722426251-a4.jpg'),
(647, 69, 'https://static.zara.net/assets/public/f246/7e0e/2b814445bcdc/d101fb2dc848/00722426251-a1/00722426251-a1.jpg'),
(648, 69, 'https://static.zara.net/assets/public/ddfa/543d/33b44da5b427/190bef8550fe/00722426251-a5/00722426251-a5.jpg'),
(649, 69, 'https://static.zara.net/assets/public/7e32/56c2/689347edbf6f/e16e8d174ec2/00722426251-a3/00722426251-a3.jpg'),
(650, 70, 'https://static.zara.net/assets/public/4608/0357/68c2426b980b/96ecc962eeaf/04087454251-a4/04087454251-a4.jpg'),
(651, 70, 'https://static.zara.net/assets/public/40ef/0a15/291d4dc19150/6c0e4ee787c9/04087454251-p/04087454251-p.jpg'),
(652, 70, 'https://static.zara.net/assets/public/46e3/e3fb/fdaa48cc8552/2aa884c5a619/04087454251-e3/04087454251-e3.jpg'),
(653, 70, 'https://static.zara.net/assets/public/7ee7/828e/39544306855d/a37b5c6d4a72/04087454251-e2/04087454251-e2.jpg'),
(654, 70, 'https://static.zara.net/assets/public/2455/357c/71c64d96a408/758621d1ab74/04087454251-a3/04087454251-a3.jpg'),
(655, 70, 'https://static.zara.net/assets/public/ef2c/eedc/4c9c462bbbc9/d1509256da88/04087454251-e1/04087454251-e1.jpg'),
(656, 70, 'https://static.zara.net/assets/public/6ea5/34ef/638646949700/dac42f9b6fa1/04087454251-a2/04087454251-a2.jpg'),
(657, 70, 'https://static.zara.net/assets/public/6fbf/3d4b/532f4165860c/67fbdbcd97ef/04087454251-a5/04087454251-a5.jpg'),
(658, 70, 'https://static.zara.net/assets/public/5eba/8e6b/65664e409b4c/f901dabf57b9/04087454251-a1/04087454251-a1.jpg'),
(659, 71, 'https://static.zara.net/assets/public/572b/e3b1/541e412aabbc/fe5169233f93/04087304251-e3/04087304251-e3.jpg'),
(660, 71, 'https://static.zara.net/assets/public/ce12/c8a8/98284dc09389/dc08ef985df0/04087304251-a1/04087304251-a1.jpg'),
(661, 71, 'https://static.zara.net/assets/public/7cf5/f2c3/233544febdb0/aea062246eac/04087304251-e2/04087304251-e2.jpg'),
(662, 71, 'https://static.zara.net/assets/public/b4c4/3fb8/f7a54efb9add/e1ea506e59e6/04087304251-a2/04087304251-a2.jpg'),
(663, 71, 'https://static.zara.net/assets/public/0e9c/659e/bf76478c81b0/e27b3d22905e/04087304251-a5/04087304251-a5.jpg'),
(664, 71, 'https://static.zara.net/assets/public/8ecc/7c18/90a94ba8bad4/72cf8bd180c5/04087304251-a3/04087304251-a3.jpg'),
(665, 71, 'https://static.zara.net/assets/public/3a98/be2b/fcfb4d7496d7/8152535762bc/04087304251-a4/04087304251-a4.jpg'),
(666, 71, 'https://static.zara.net/assets/public/61f8/8630/7d0e40b8a658/8750249535e6/04087304251-e1/04087304251-e1.jpg'),
(667, 71, 'https://static.zara.net/assets/public/fdb0/b7c2/17a94c0a9b78/e9e52fa58d31/04087304251-p/04087304251-p.jpg'),
(668, 72, 'https://static.zara.net/assets/public/3d7e/5a9b/40c2430f915c/bd6a23aa60f6/03992455802-a4/03992455802-a4.jpg'),
(669, 72, 'https://static.zara.net/assets/public/ca19/aa66/9f394da9b39d/0e132f0532a3/03992455802-a3/03992455802-a3.jpg'),
(670, 72, 'https://static.zara.net/assets/public/779b/2734/bc534e648755/51f3f9396def/03992455802-a2/03992455802-a2.jpg'),
(671, 72, 'https://static.zara.net/assets/public/ea72/e6d7/b209481ba24f/8f73862c91f9/03992455802-p/03992455802-p.jpg'),
(672, 72, 'https://static.zara.net/assets/public/0fc6/b602/29b54e728427/2d625e9f5613/03992455802-e2/03992455802-e2.jpg'),
(673, 72, 'https://static.zara.net/assets/public/c196/3144/0ce142da944d/49a620f0b409/03992455802-a1/03992455802-a1.jpg'),
(674, 72, 'https://static.zara.net/assets/public/96f4/a1b9/354d4c17bcdf/f638a9feb3c7/03992455802-e3/03992455802-e3.jpg'),
(675, 72, 'https://static.zara.net/assets/public/c37f/605e/f49d44ffbd34/cc8878373d73/03992455802-e1/03992455802-e1.jpg'),
(676, 73, 'https://static.zara.net/assets/public/9c40/fc76/d12e40c284ab/660dfff7db48/05584425600-e3/05584425600-e3.jpg'),
(677, 73, 'https://static.zara.net/assets/public/f480/c8bc/780e41b6b50c/61225905c689/05584425600-p/05584425600-p.jpg'),
(678, 73, 'https://static.zara.net/assets/public/3db9/ba59/b2f54d8884b6/4170d93e6312/05584425600-e2/05584425600-e2.jpg'),
(679, 73, 'https://static.zara.net/assets/public/0645/fbf5/f7e045a88c8f/60ef6e0573f6/05584425600-a1/05584425600-a1.jpg'),
(680, 73, 'https://static.zara.net/assets/public/4b05/39e0/3ba94593a452/039653c6c47a/05584425600-a2/05584425600-a2.jpg'),
(681, 73, 'https://static.zara.net/assets/public/0098/8fd5/4721424fb766/89912e46fb3d/05584425600-a4/05584425600-a4.jpg'),
(682, 73, 'https://static.zara.net/assets/public/9199/c1d2/f43a442999f6/ed700d47419c/05584425600-a3/05584425600-a3.jpg'),
(683, 73, 'https://static.zara.net/assets/public/0e57/4f95/56744e16893f/fec53d790190/05584425600-e1/05584425600-e1.jpg'),
(684, 73, 'https://static.zara.net/assets/public/3335/3fdb/9d974825b5fb/40c0cad5f335/05584425600-a5/05584425600-a5.jpg'),
(685, 74, 'https://static.zara.net/assets/public/0d79/0ea9/49214cf2bdd5/a833aff73a19/00962457250-a2/00962457250-a2.jpg'),
(686, 74, 'https://static.zara.net/assets/public/b6b7/ef6c/4e06458abca6/11e8e901685b/00962457250-a4/00962457250-a4.jpg'),
(687, 74, 'https://static.zara.net/assets/public/2868/7fa7/ec5f4096b1da/ffe6790c5854/00962457250-e3/00962457250-e3.jpg'),
(688, 74, 'https://static.zara.net/assets/public/9e9c/5dfb/677b4d408352/4d6c7070817b/00962457250-a5/00962457250-a5.jpg'),
(689, 74, 'https://static.zara.net/assets/public/1501/283f/15fa43f8841e/a3f192afde4d/00962457250-a1/00962457250-a1.jpg'),
(690, 74, 'https://static.zara.net/assets/public/f48d/71e6/cd634919b883/d2d57c139016/00962457250-e1/00962457250-e1.jpg'),
(691, 74, 'https://static.zara.net/assets/public/fcb8/f651/4c3c4af39377/3f0f4d981797/00962457250-p/00962457250-p.jpg'),
(692, 74, 'https://static.zara.net/assets/public/195f/579c/f22a416f8909/d30e52568c28/00962457250-e2/00962457250-e2.jpg'),
(693, 74, 'https://static.zara.net/assets/public/3956/bef7/eb354b19899b/f662cb27916d/00962457250-a3/00962457250-a3.jpg'),
(694, 75, 'https://static.zara.net/assets/public/e11a/17b1/60eb467f83d5/f1585613ae03/02160401707-a2/02160401707-a2.jpg'),
(695, 75, 'https://static.zara.net/assets/public/984b/acb4/fc394c5faf31/258b3993ee83/02160401707-a3/02160401707-a3.jpg'),
(696, 75, 'https://static.zara.net/assets/public/a53a/1b0e/5a8745b2964b/76d8a24ddf97/02160401707-a5/02160401707-a5.jpg'),
(697, 75, 'https://static.zara.net/assets/public/fd3d/e5f0/649347219c99/b20981bb4f46/02160401707-a4/02160401707-a4.jpg'),
(698, 75, 'https://static.zara.net/assets/public/bc95/192d/6aa64cf9bb3b/f8266de1021b/02160401707-e3/02160401707-e3.jpg'),
(699, 75, 'https://static.zara.net/assets/public/fb19/a5a0/b7f1462c912a/4cd1650502db/02160401707-e1/02160401707-e1.jpg'),
(700, 75, 'https://static.zara.net/assets/public/9e42/2b71/8948424e8d5c/89c5d630b9c1/02160401707-p/02160401707-p.jpg'),
(701, 75, 'https://static.zara.net/assets/public/8437/31f5/673d4558827e/c6b374861ba9/02160401707-a1/02160401707-a1.jpg'),
(702, 75, 'https://static.zara.net/assets/public/92c1/d18e/0a104f21ae1b/1da37587c253/02160401707-e2/02160401707-e2.jpg'),
(703, 76, 'https://static.zara.net/assets/public/b010/e922/887c488faccf/276b9cf60d56/00679416251-e3/00679416251-e3.jpg'),
(704, 76, 'https://static.zara.net/assets/public/8bfc/07a6/6aee47898f21/da1eb46fa165/00679416251-a4/00679416251-a4.jpg'),
(705, 76, 'https://static.zara.net/assets/public/575e/1a5b/bb4f421d8b8a/a7100ad36353/00679416251-p/00679416251-p.jpg'),
(706, 76, 'https://static.zara.net/assets/public/00f7/e3d0/3c15492b989e/572f27619429/00679416251-e2/00679416251-e2.jpg'),
(707, 76, 'https://static.zara.net/assets/public/278f/367e/904c4f3190db/10123c948b20/00679416251-a3/00679416251-a3.jpg'),
(708, 76, 'https://static.zara.net/assets/public/fe43/a664/ef6441a98e60/265e80ebccc9/00679416251-a1/00679416251-a1.jpg'),
(709, 76, 'https://static.zara.net/assets/public/1027/1e31/731e43e7bf3a/03b27bcc53c6/00679416251-e1/00679416251-e1.jpg'),
(710, 76, 'https://static.zara.net/assets/public/c16a/c4ad/c8ee40508f02/593b557194b0/00679416251-a2/00679416251-a2.jpg'),
(711, 77, 'https://static.zara.net/assets/public/ca2f/266c/ffc348f1b9bf/926f81595acb/06224445670-p/06224445670-p.jpg'),
(712, 77, 'https://static.zara.net/assets/public/a203/51ed/32f34abb837a/e0918edb7148/06224445670-e2/06224445670-e2.jpg'),
(713, 77, 'https://static.zara.net/assets/public/d1c9/1e77/ed814d7099ae/46019c188ced/06224445670-a5/06224445670-a5.jpg'),
(714, 77, 'https://static.zara.net/assets/public/98a6/227a/5d7b4a688c7d/c4b5d9d4ed5c/06224445670-a3/06224445670-a3.jpg'),
(715, 77, 'https://static.zara.net/assets/public/b7be/34b5/b63b4995845b/628185f4b5dd/06224445670-e3/06224445670-e3.jpg'),
(716, 77, 'https://static.zara.net/assets/public/bb14/d9a0/f7794668a2c7/81db1c00e4e8/06224445670-a2/06224445670-a2.jpg'),
(717, 77, 'https://static.zara.net/assets/public/2244/68c0/b27941d2822d/994331c1909a/06224445670-e1/06224445670-e1.jpg'),
(718, 77, 'https://static.zara.net/assets/public/f621/844d/ba4c4348a3e4/8ab04788e71c/06224445670-a4/06224445670-a4.jpg'),
(719, 77, 'https://static.zara.net/assets/public/713b/fdc3/c25b46989c5a/5469d190c7d7/06224445670-a1/06224445670-a1.jpg'),
(720, 78, 'https://static.zara.net/assets/public/4fb1/cf6c/16674e05ace3/84e7d91e6fef/01384406330-e1/01384406330-e1.jpg'),
(721, 78, 'https://static.zara.net/assets/public/9c5c/62a1/1cc74d84a42d/2ffd86af0d27/01384406330-e3/01384406330-e3.jpg'),
(722, 78, 'https://static.zara.net/assets/public/be86/781b/4e77402b8a91/5cd2a92cfbb4/01384406330-a2/01384406330-a2.jpg'),
(723, 78, 'https://static.zara.net/assets/public/9203/c80a/e40f4a0b8c04/42a18350315f/01384406330-e2/01384406330-e2.jpg'),
(724, 78, 'https://static.zara.net/assets/public/3386/3ec0/e7c74a02b678/f694e919006b/01384406330-a3/01384406330-a3.jpg'),
(725, 78, 'https://static.zara.net/assets/public/e4eb/2ccb/b5d747c092dc/2a2e12ee60e1/01384406330-p/01384406330-p.jpg'),
(726, 78, 'https://static.zara.net/assets/public/b8b4/23b4/f87b41d795ad/a8bfedbdbdca/01384406330-a1/01384406330-a1.jpg'),
(727, 78, 'https://static.zara.net/assets/public/affc/4aa0/c6434b0481a9/0dd5227e2495/01384406330-a4/01384406330-a4.jpg'),
(728, 79, 'https://static.zara.net/assets/public/7afc/0183/58a94869aad5/7877d67a6c73/05372400819-a3/05372400819-a3.jpg'),
(729, 79, 'https://static.zara.net/assets/public/dd1b/f9ef/eeff45d5af81/be66ca115ea5/05372400819-a5/05372400819-a5.jpg'),
(730, 79, 'https://static.zara.net/assets/public/569f/2ed1/5316430bb008/e145553c9751/05372400819-e3/05372400819-e3.jpg'),
(731, 79, 'https://static.zara.net/assets/public/4c7d/f427/bb904b31b749/eec342d926e3/05372400819-a2/05372400819-a2.jpg'),
(732, 79, 'https://static.zara.net/assets/public/b2f9/60df/293c4995b30e/e29062d638ac/05372400819-e2/05372400819-e2.jpg'),
(733, 79, 'https://static.zara.net/assets/public/420f/7a66/a3544071bfc4/66efd459a22a/05372400819-a1/05372400819-a1.jpg'),
(734, 79, 'https://static.zara.net/assets/public/76df/d13c/9cbd4bb09e63/a75f9c8e1f0f/05372400819-p/05372400819-p.jpg'),
(735, 79, 'https://static.zara.net/assets/public/c7cc/12fd/12184268b3b6/0b2858d02252/05372400819-a4/05372400819-a4.jpg'),
(736, 79, 'https://static.zara.net/assets/public/2061/b717/a17a4651956b/53af9ddf3082/05372400819-e1/05372400819-e1.jpg'),
(737, 80, 'https://static.zara.net/assets/public/f538/3dfd/3ce9496e924e/7facb800d1e3/06224479428-e1/06224479428-e1.jpg'),
(738, 80, 'https://static.zara.net/assets/public/52e0/d26a/515d458f8673/a71f4e328a0f/06224479428-p/06224479428-p.jpg'),
(739, 80, 'https://static.zara.net/assets/public/dba1/ad43/4bc14b5cb3cf/0b5ef816b97f/06224479428-a3/06224479428-a3.jpg'),
(740, 80, 'https://static.zara.net/assets/public/47ea/4450/4708451b97cf/e9e522406d09/06224479428-a1/06224479428-a1.jpg'),
(741, 80, 'https://static.zara.net/assets/public/b86f/a55b/565a403585a0/2589aea2d6f2/06224479428-e3/06224479428-e3.jpg'),
(742, 80, 'https://static.zara.net/assets/public/dff6/86d4/e2334051a947/3664fcbab343/06224479428-a4/06224479428-a4.jpg'),
(743, 80, 'https://static.zara.net/assets/public/4f78/0ae2/3fc14ec0834c/c8d966afc86f/06224479428-e2/06224479428-e2.jpg'),
(744, 80, 'https://static.zara.net/assets/public/c9a2/b39e/9ded45a39e86/e8b5c278a225/06224479428-a2/06224479428-a2.jpg'),
(745, 81, 'https://static.zara.net/assets/public/8602/3772/70d141349719/270921ad154d/03992471403-a3/03992471403-a3.jpg'),
(746, 81, 'https://static.zara.net/assets/public/cc38/c508/66b540488e28/e50d488843d8/03992471403-a2/03992471403-a2.jpg'),
(747, 81, 'https://static.zara.net/assets/public/2892/2ad0/1acd43b68bb9/290cf9f3b39a/03992471403-a4/03992471403-a4.jpg'),
(748, 81, 'https://static.zara.net/assets/public/abdd/84e5/9d18459cb20d/438ab3609b38/03992471403-e2/03992471403-e2.jpg'),
(749, 81, 'https://static.zara.net/assets/public/22b9/3f8f/2f4848f1815e/6e5d6a62755a/03992471403-e1/03992471403-e1.jpg'),
(750, 81, 'https://static.zara.net/assets/public/cb56/48b4/a5404b169068/9467e3a1bf32/03992471403-a1/03992471403-a1.jpg'),
(751, 81, 'https://static.zara.net/assets/public/0189/419b/cd944fb3bdff/a4504191e955/03992471403-e3/03992471403-e3.jpg'),
(752, 81, 'https://static.zara.net/assets/public/d69a/57b3/adc941a780e4/eef755420657/03992471403-p/03992471403-p.jpg'),
(753, 82, 'https://static.zara.net/assets/public/545a/b96e/519241a8b8de/f717ffecb237/04877305800-a2/04877305800-a2.jpg'),
(754, 82, 'https://static.zara.net/assets/public/272b/2d3e/a9cb4b11b3f4/e122cd7ca597/04877305800-a4/04877305800-a4.jpg'),
(755, 82, 'https://static.zara.net/assets/public/1f9a/fbb1/162e404e8cdd/157deda0f829/04877305800-e2/04877305800-e2.jpg'),
(756, 82, 'https://static.zara.net/assets/public/d254/211a/8d6b4613be9c/76b8d44ea93a/04877305800-e4/04877305800-e4.jpg'),
(757, 82, 'https://static.zara.net/assets/public/65da/4603/9c67451b9ad6/e88387bef72c/04877305800-a3/04877305800-a3.jpg'),
(758, 82, 'https://static.zara.net/assets/public/eb31/e12e/9e5646fda702/2f7c8b3a81f0/04877305800-p/04877305800-p.jpg'),
(759, 82, 'https://static.zara.net/assets/public/fb43/fc13/d90b42f2bd36/ae2af2577af3/04877305800-a1/04877305800-a1.jpg'),
(760, 82, 'https://static.zara.net/assets/public/9d60/55aa/49a94e54ac29/2d919fe770ab/04877305800-e3/04877305800-e3.jpg'),
(761, 82, 'https://static.zara.net/assets/public/a7d6/ef79/55784829a77d/fac6e0668043/04877305800-e1/04877305800-e1.jpg'),
(762, 83, 'https://static.zara.net/assets/public/c2ab/46b8/045d4658acf4/6b43dd8fb969/00108405800-a1/00108405800-a1.jpg'),
(763, 83, 'https://static.zara.net/assets/public/694f/023d/44f04d7f853a/368378822891/00108405800-p/00108405800-p.jpg'),
(764, 83, 'https://static.zara.net/assets/public/9c16/2e87/b9274b3a9a60/61f06a327a30/00108405800-e3/00108405800-e3.jpg'),
(765, 83, 'https://static.zara.net/assets/public/306e/9c26/0edb4dafb36b/d58fb431ec5c/00108405800-a4/00108405800-a4.jpg'),
(766, 83, 'https://static.zara.net/assets/public/7381/c9f8/785e4b1ba09d/74644367b856/00108405800-e1/00108405800-e1.jpg'),
(767, 83, 'https://static.zara.net/assets/public/485f/d282/b95c4b95a6c1/19dd9b74d3be/00108405800-a3/00108405800-a3.jpg'),
(768, 83, 'https://static.zara.net/assets/public/cd61/0ab2/ea3441cea004/577bddf1edc8/00108405800-e2/00108405800-e2.jpg'),
(769, 83, 'https://static.zara.net/assets/public/04ba/fc9c/5d0d402ab0a0/0c95b67be153/00108405800-a2/00108405800-a2.jpg'),
(770, 83, 'https://static.zara.net/assets/public/3041/266d/835e4ad7b709/3aee49e93ee1/00108405800-e4/00108405800-e4.jpg'),
(771, 84, 'https://static.zara.net/assets/public/f8e8/8947/91fb4b8bb4fd/cd8aa26c4507/05520429806-e1/05520429806-e1.jpg'),
(772, 84, 'https://static.zara.net/assets/public/40f3/d042/a280482eac41/346afdf34fb9/05520429806-e2/05520429806-e2.jpg'),
(773, 84, 'https://static.zara.net/assets/public/aa44/5ccc/cc65474aa5c6/6a6b215b0740/05520429806-a1/05520429806-a1.jpg'),
(774, 84, 'https://static.zara.net/assets/public/7f5a/e808/34d54ac897d2/d51650b9fa75/05520429806-e4/05520429806-e4.jpg'),
(775, 84, 'https://static.zara.net/assets/public/29fb/7a4a/d56542e28565/1392a80c8f12/05520429806-a3/05520429806-a3.jpg'),
(776, 84, 'https://static.zara.net/assets/public/0d1b/5abe/256c49839f9a/108c7c0e0eab/05520429806-e3/05520429806-e3.jpg'),
(777, 84, 'https://static.zara.net/assets/public/4984/bc98/2a8f494eaa20/c2ff014de226/05520429806-p/05520429806-p.jpg'),
(778, 84, 'https://static.zara.net/assets/public/1282/d33d/e9224c1f9788/a9cd796fbd09/05520429806-a2/05520429806-a2.jpg'),
(779, 85, 'https://static.zara.net/assets/public/ff14/9527/d84542ec85b0/f1b946d2d547/05520410712-a2/05520410712-a2.jpg'),
(780, 85, 'https://static.zara.net/assets/public/841b/1528/42c84bd28b3f/0b9e92f637f6/05520410712-e3/05520410712-e3.jpg'),
(781, 85, 'https://static.zara.net/assets/public/09d1/bbf7/185948a28f0a/49b82c1a3609/05520410712-a1/05520410712-a1.jpg'),
(782, 85, 'https://static.zara.net/assets/public/63c6/3b32/7d9845878f4d/68f1b272e316/05520410712-e1/05520410712-e1.jpg'),
(783, 85, 'https://static.zara.net/assets/public/1ebf/9cf9/d9534e1bb031/7db2a87f7af1/05520410712-p/05520410712-p.jpg'),
(784, 85, 'https://static.zara.net/assets/public/2ac2/96f5/a6ad4563b338/3bab3470da27/05520410712-e2/05520410712-e2.jpg'),
(785, 85, 'https://static.zara.net/assets/public/678b/9a71/c0884844ba91/d09b0402a5ec/05520410712-e4/05520410712-e4.jpg'),
(786, 85, 'https://static.zara.net/assets/public/bf27/a35d/c9cf40f9b5a2/0e64b56ccf73/05520410712-a4/05520410712-a4.jpg'),
(787, 85, 'https://static.zara.net/assets/public/7365/e820/da244059b837/f2154b7446d9/05520410712-a3/05520410712-a3.jpg'),
(788, 86, 'https://static.zara.net/assets/public/44b9/bfb4/a2b24ca0b0eb/79bca25eff38/05862415800-e2/05862415800-e2.jpg'),
(789, 86, 'https://static.zara.net/assets/public/0ac6/c163/25ab4065ae22/df70b0f9714d/05862415800-a4/05862415800-a4.jpg'),
(790, 86, 'https://static.zara.net/assets/public/c1da/0a72/1379494d9e4f/6a915687bbe9/05862415800-e4/05862415800-e4.jpg'),
(791, 86, 'https://static.zara.net/assets/public/b3fa/3d05/c9d64eb0a96b/8605db7bd899/05862415800-e1/05862415800-e1.jpg'),
(792, 86, 'https://static.zara.net/assets/public/d8fd/ebcb/18034964a959/c0718235e2e1/05862415800-p/05862415800-p.jpg'),
(793, 86, 'https://static.zara.net/assets/public/1813/094d/c2a54e35b2b7/d4006e556380/05862415800-e3/05862415800-e3.jpg'),
(794, 86, 'https://static.zara.net/assets/public/d055/4438/f83c4a42b648/0a9558d4b637/05862415800-a3/05862415800-a3.jpg'),
(795, 86, 'https://static.zara.net/assets/public/0f6b/73b6/ea7a40e4b63a/275dd467e865/05862415800-a2/05862415800-a2.jpg'),
(796, 86, 'https://static.zara.net/assets/public/49a3/7390/c50642bfb628/fa7697db14d1/05862415800-a1/05862415800-a1.jpg'),
(797, 86, 'https://static.zara.net/assets/public/74d9/8022/96f1433482fc/6047364a687f/05862415800-e5/05862415800-e5.jpg'),
(798, 87, 'https://static.zara.net/assets/public/545a/b96e/519241a8b8de/f717ffecb237/04877305800-a2/04877305800-a2.jpg'),
(799, 87, 'https://static.zara.net/assets/public/272b/2d3e/a9cb4b11b3f4/e122cd7ca597/04877305800-a4/04877305800-a4.jpg'),
(800, 87, 'https://static.zara.net/assets/public/1f9a/fbb1/162e404e8cdd/157deda0f829/04877305800-e2/04877305800-e2.jpg'),
(801, 87, 'https://static.zara.net/assets/public/d254/211a/8d6b4613be9c/76b8d44ea93a/04877305800-e4/04877305800-e4.jpg'),
(802, 87, 'https://static.zara.net/assets/public/65da/4603/9c67451b9ad6/e88387bef72c/04877305800-a3/04877305800-a3.jpg'),
(803, 87, 'https://static.zara.net/assets/public/eb31/e12e/9e5646fda702/2f7c8b3a81f0/04877305800-p/04877305800-p.jpg'),
(804, 87, 'https://static.zara.net/assets/public/fb43/fc13/d90b42f2bd36/ae2af2577af3/04877305800-a1/04877305800-a1.jpg'),
(805, 87, 'https://static.zara.net/assets/public/9d60/55aa/49a94e54ac29/2d919fe770ab/04877305800-e3/04877305800-e3.jpg'),
(806, 87, 'https://static.zara.net/assets/public/a7d6/ef79/55784829a77d/fac6e0668043/04877305800-e1/04877305800-e1.jpg'),
(807, 88, 'https://static.zara.net/assets/public/3932/5415/9b444dbda564/7c6be0f2a725/05575470806-e2/05575470806-e2.jpg'),
(808, 88, 'https://static.zara.net/assets/public/f543/ed30/57494d7c8b43/9a67c81fc6e1/05575470806-e1/05575470806-e1.jpg'),
(809, 88, 'https://static.zara.net/assets/public/9571/7b85/b33d4aab9ce7/5e966c35911a/05575470806-e4/05575470806-e4.jpg'),
(810, 88, 'https://static.zara.net/assets/public/7e61/bbc3/2a614db6baa9/4509efd72cdc/05575470806-e3/05575470806-e3.jpg'),
(811, 88, 'https://static.zara.net/assets/public/4e8c/e77a/e8ba43cea46c/e56cfb5e0992/05575470806-a1/05575470806-a1.jpg'),
(812, 88, 'https://static.zara.net/assets/public/23a6/4320/225a41ebac7d/a1e9e64d4c16/05575470806-a5/05575470806-a5.jpg'),
(813, 88, 'https://static.zara.net/assets/public/864f/0cf0/60aa4b81b654/6477dfa1f060/05575470806-e5/05575470806-e5.jpg'),
(814, 88, 'https://static.zara.net/assets/public/e441/74eb/0c754388a549/bf1c0afa46ba/05575470806-a4/05575470806-a4.jpg'),
(815, 88, 'https://static.zara.net/assets/public/c7c0/2f2b/f8164c4584ea/6d27b4309cfd/05575470806-a2/05575470806-a2.jpg'),
(816, 88, 'https://static.zara.net/assets/public/6a45/1c53/97be4d6f82ff/3f0268c2e81f/05575470806-a3/05575470806-a3.jpg'),
(817, 88, 'https://static.zara.net/assets/public/8f08/d7b3/a4134f828ff7/1036af811329/05575470806-p/05575470806-p.jpg'),
(818, 89, 'https://static.zara.net/assets/public/9523/24e3/f0aa43aa874c/15705636fad0/08281408800-e3/08281408800-e3.jpg'),
(819, 89, 'https://static.zara.net/assets/public/c038/870e/871f46a39323/f4ac57f3feda/08281408800-e2/08281408800-e2.jpg'),
(820, 89, 'https://static.zara.net/assets/public/93c4/1a56/5bc542da9820/49152c4ebac1/08281408800-e1/08281408800-e1.jpg'),
(821, 89, 'https://static.zara.net/assets/public/a1d5/df1d/4abb4e3fa33b/97c2b98ac226/08281408800-a4/08281408800-a4.jpg'),
(822, 89, 'https://static.zara.net/assets/public/295c/9efa/c62945b6aa54/95d302b38423/08281408800-a2/08281408800-a2.jpg'),
(823, 89, 'https://static.zara.net/assets/public/300d/44c5/aa8d4cb6b0f0/a9583fda9970/08281408800-p/08281408800-p.jpg'),
(824, 89, 'https://static.zara.net/assets/public/9c48/1dfd/aa1f4126aa90/4f2f4630030e/08281408800-a3/08281408800-a3.jpg'),
(825, 89, 'https://static.zara.net/assets/public/b5dc/5d20/45a74497ac68/2900bc1f236a/08281408800-a1/08281408800-a1.jpg'),
(826, 90, 'https://static.zara.net/assets/public/f937/b990/a538435e8d53/b122cf08c910/06786400707-e5/06786400707-e5.jpg'),
(827, 90, 'https://static.zara.net/assets/public/d3fa/ef4b/48f446678433/71a76d99781a/06786400707-p/06786400707-p.jpg'),
(828, 90, 'https://static.zara.net/assets/public/c3e0/8061/1ce246558b0b/2dc66659a899/06786400707-a1/06786400707-a1.jpg'),
(829, 90, 'https://static.zara.net/assets/public/ab73/dc6d/979b4de5a176/604e65071147/06786400707-a3/06786400707-a3.jpg'),
(830, 90, 'https://static.zara.net/assets/public/ae02/a49a/b80c4dbcad68/78028ca6540c/06786400707-a2/06786400707-a2.jpg'),
(831, 90, 'https://static.zara.net/assets/public/a8ff/9791/c48d44679505/5c88d025a3c8/06786400707-a4/06786400707-a4.jpg'),
(832, 90, 'https://static.zara.net/assets/public/7203/4e37/7fc142fb98b1/8bd43974c778/06786400707-e2/06786400707-e2.jpg'),
(833, 90, 'https://static.zara.net/assets/public/6660/d48e/6e464cb3beea/5993f942ce7b/06786400707-e4/06786400707-e4.jpg'),
(834, 90, 'https://static.zara.net/assets/public/1a04/371c/949c44b9b9b6/9a2ba049bec3/06786400707-e1/06786400707-e1.jpg'),
(835, 91, 'https://static.zara.net/assets/public/f5a7/988b/e19e459988ee/3d86b2d1d44b/04393404800-a2/04393404800-a2.jpg'),
(836, 91, 'https://static.zara.net/assets/public/a7c1/8b68/2d7c486d9ab1/59b9d569f88c/04393404800-a3/04393404800-a3.jpg'),
(837, 91, 'https://static.zara.net/assets/public/ba89/b60e/961e45768449/4340ea6001b8/04393404800-e1/04393404800-e1.jpg'),
(838, 91, 'https://static.zara.net/assets/public/b970/15d3/21684d01b73e/e922cb03100e/04393404800-p/04393404800-p.jpg'),
(839, 91, 'https://static.zara.net/assets/public/67f6/6c42/9aca412780bb/70e1cd063347/04393404800-a5/04393404800-a5.jpg'),
(840, 91, 'https://static.zara.net/assets/public/9a53/73c0/9bc94552b596/7e085fd346c2/04393404800-e2/04393404800-e2.jpg'),
(841, 91, 'https://static.zara.net/assets/public/d8fa/1779/5be345bfb2e1/b0f32c8f10f1/04393404800-a4/04393404800-a4.jpg'),
(842, 91, 'https://static.zara.net/assets/public/f79a/9e87/900b4cc39c95/41f1363eca4b/04393404800-a1/04393404800-a1.jpg'),
(843, 91, 'https://static.zara.net/assets/public/5cf3/c6da/2e6042c2a696/912f2fbbf039/04393404800-e3/04393404800-e3.jpg'),
(844, 92, 'https://static.zara.net/assets/public/a296/2849/37c745eea2a4/8d572845218a/04087442251-a4/04087442251-a4.jpg'),
(845, 92, 'https://static.zara.net/assets/public/17be/b534/ab434cebaac2/2804e4667e5c/04087442251-a3/04087442251-a3.jpg'),
(846, 92, 'https://static.zara.net/assets/public/acf1/5e0b/c3484f39aa1e/7f8b429921ca/04087442251-a1/04087442251-a1.jpg'),
(847, 92, 'https://static.zara.net/assets/public/14f6/3fca/a32d466290e1/570944facaaf/04087442251-a5/04087442251-a5.jpg'),
(848, 92, 'https://static.zara.net/assets/public/327a/aa39/5be646b7abd7/19ac9c8cbc63/04087442251-e3/04087442251-e3.jpg');
INSERT INTO `urundetay` (`id`, `urunId`, `urunUrl`) VALUES
(849, 92, 'https://static.zara.net/assets/public/eb97/cf58/654046929218/52366430fb6d/04087442251-e1/04087442251-e1.jpg'),
(850, 92, 'https://static.zara.net/assets/public/aa54/4899/ae01477ca265/f76162678289/04087442251-e2/04087442251-e2.jpg'),
(851, 92, 'https://static.zara.net/assets/public/c8fc/2568/ce154d5ba64c/d738c3e203c3/04087442251-p/04087442251-p.jpg'),
(852, 92, 'https://static.zara.net/assets/public/65b5/b1e9/7c244ca48201/279f6cdaaef2/04087442251-a2/04087442251-a2.jpg'),
(853, 93, 'https://static.zara.net/assets/public/3cd1/bd34/fee54f5a82e5/643a0f975bdd/4000.jpg'),
(854, 93, 'https://static.zara.net/assets/public/d5d5/3080/9dce4e3bbf89/b551f9df307e/4000.jpg'),
(855, 93, 'https://static.zara.net/assets/public/58d1/13ad/847c41cb89cf/f337fa690a22/4000.jpg'),
(856, 93, 'https://static.zara.net/assets/public/9133/ae5f/8157446cab5c/96619945c4ef/4000.jpg'),
(857, 93, 'https://static.zara.net/assets/public/ba07/ab4b/fc9542c0b3c0/2aa45a8e6af6/4000.jpg'),
(858, 93, 'https://static.zara.net/assets/public/0755/531e/89fa48928190/b3e45046a6a7/4000.jpg'),
(859, 93, 'https://static.zara.net/assets/public/edeb/5cec/25b24083b3b3/f55d81657d64/4000.jpg'),
(860, 93, 'https://static.zara.net/assets/public/5921/2223/04cd4198976b/ab4b2e98223a/4000.jpg'),
(861, 94, 'https://static.zara.net/assets/public/f2be/7991/f1e34343bf5e/aaa0c982b6c5/04087367420-e3/04087367420-e3.jpg'),
(862, 94, 'https://static.zara.net/assets/public/9b31/6779/eafa46ac9379/c29dbc1fd019/04087367420-a2/04087367420-a2.jpg'),
(863, 94, 'https://static.zara.net/assets/public/5f4c/cde7/7b304e2b8b22/db72e3018a87/04087367420-a3/04087367420-a3.jpg'),
(864, 94, 'https://static.zara.net/assets/public/94c7/1bb1/31154bcda814/74ee25e9a3d1/04087367420-e1/04087367420-e1.jpg'),
(865, 94, 'https://static.zara.net/assets/public/7d6d/acfc/4fc74e45af94/1cf3a3a6bd89/04087367420-a1/04087367420-a1.jpg'),
(866, 94, 'https://static.zara.net/assets/public/e68f/92b0/ce3f47859b02/3d290edad1c6/04087367420-e2/04087367420-e2.jpg'),
(867, 94, 'https://static.zara.net/assets/public/9574/3df7/398b4d1e93b9/bf24c1cefc23/04087367420-p/04087367420-p.jpg'),
(868, 94, 'https://static.zara.net/assets/public/ce62/d56d/134145e1b0c9/4cf3cba671d7/04087367420-a5/04087367420-a5.jpg'),
(869, 94, 'https://static.zara.net/assets/public/4fbe/92d5/6c20475fba34/132b9814fc2d/04087367420-a4/04087367420-a4.jpg'),
(870, 95, 'https://static.zara.net/assets/public/6f08/64a6/040b4c5bb39d/514aebb46c18/03332302803-a2/03332302803-a2.jpg'),
(871, 95, 'https://static.zara.net/assets/public/39e1/9740/ce3a47f490fc/84c904f6d2ae/1688393021553/1688393021553.jpg'),
(872, 95, 'https://static.zara.net/assets/public/0d5b/9c4f/cb33471aa6bf/3be77116a2d8/03332302803-a4/03332302803-a4.jpg'),
(873, 95, 'https://static.zara.net/assets/public/5312/eefe/47ea4f60888e/4f29aa2ba925/03332302803-p/03332302803-p.jpg'),
(874, 95, 'https://static.zara.net/assets/public/98b4/12b0/1aed413d8e30/0cb1a758d555/03332302803-a3/03332302803-a3.jpg'),
(875, 95, 'https://static.zara.net/assets/public/c6d2/260f/098a4ad5acc2/0bd4d53a383b/03332302803-a5/03332302803-a5.jpg'),
(876, 95, 'https://static.zara.net/assets/public/55be/52c5/cb97414bb146/f28c97f82d9d/03332302803-a1/03332302803-a1.jpg'),
(877, 95, 'https://static.zara.net/assets/public/782d/0182/460e42919038/4729bb3db4f3/1688393021279/1688393021279.jpg'),
(878, 95, 'https://static.zara.net/assets/public/b098/e94b/480041f2a8cb/f6ecfacab4b9/1688393024692/1688393024692.jpg'),
(879, 96, 'https://static.zara.net/assets/public/6f08/64a6/040b4c5bb39d/514aebb46c18/03332302803-a2/03332302803-a2.jpg'),
(880, 96, 'https://static.zara.net/assets/public/39e1/9740/ce3a47f490fc/84c904f6d2ae/1688393021553/1688393021553.jpg'),
(881, 96, 'https://static.zara.net/assets/public/0d5b/9c4f/cb33471aa6bf/3be77116a2d8/03332302803-a4/03332302803-a4.jpg'),
(882, 96, 'https://static.zara.net/assets/public/5312/eefe/47ea4f60888e/4f29aa2ba925/03332302803-p/03332302803-p.jpg'),
(883, 96, 'https://static.zara.net/assets/public/98b4/12b0/1aed413d8e30/0cb1a758d555/03332302803-a3/03332302803-a3.jpg'),
(884, 96, 'https://static.zara.net/assets/public/c6d2/260f/098a4ad5acc2/0bd4d53a383b/03332302803-a5/03332302803-a5.jpg'),
(885, 96, 'https://static.zara.net/assets/public/55be/52c5/cb97414bb146/f28c97f82d9d/03332302803-a1/03332302803-a1.jpg'),
(886, 96, 'https://static.zara.net/assets/public/782d/0182/460e42919038/4729bb3db4f3/1688393021279/1688393021279.jpg'),
(887, 96, 'https://static.zara.net/assets/public/b098/e94b/480041f2a8cb/f6ecfacab4b9/1688393024692/1688393024692.jpg'),
(888, 97, 'https://static.zara.net/assets/public/4035/46fd/5be34656999a/ce118978bd86/1690358721467/1690358721467.jpg'),
(889, 97, 'https://static.zara.net/assets/public/8b3a/3c63/567a45199ff2/a04867450fc6/1690196395481/1690196395481.jpg'),
(890, 97, 'https://static.zara.net/assets/public/f83b/0bd3/1b1743a89e24/6833b2271b1b/1690358712473/1690358712473.jpg'),
(891, 97, 'https://static.zara.net/assets/public/3115/89f7/f827493a8fe9/b1865b8791ce/1690358713512/1690358713512.jpg'),
(892, 97, 'https://static.zara.net/assets/public/bef1/5c73/7e3245568629/29b452c06eca/1690358716648/1690358716648.jpg'),
(893, 97, 'https://static.zara.net/assets/public/d404/07e7/bf8043ae80ae/132fac992cab/1690196396413/1690196396413.jpg'),
(894, 97, 'https://static.zara.net/assets/public/4d47/737d/e66d4114816d/6e94e580b7fd/1690358721050/1690358721050.jpg'),
(895, 97, 'https://static.zara.net/assets/public/1d14/fa1d/577f4f23b500/425058239095/1690358721579/1690358721579.jpg'),
(896, 97, 'https://static.zara.net/assets/public/7f91/f9f1/75864e2f9966/0d2bb15e7bc3/1690196399430/1690196399430.jpg'),
(897, 98, 'https://static.zara.net/assets/public/4532/3beb/b8374cde89eb/cbcdd0e47620/03166440251-a2/03166440251-a2.jpg'),
(898, 98, 'https://static.zara.net/assets/public/8aa2/9b99/adcc4501824e/6c747702b8f3/03166440251-p/03166440251-p.jpg'),
(899, 98, 'https://static.zara.net/assets/public/9f6e/2017/b3a84f108a05/552db1047c83/03166440251-a1/03166440251-a1.jpg'),
(900, 98, 'https://static.zara.net/assets/public/5f0a/81c1/ad6e44ab9802/860cd8f48f41/03166440251-e2/03166440251-e2.jpg'),
(901, 98, 'https://static.zara.net/assets/public/b0b4/6e06/46784248ab38/4e9332120573/03166440251-a4/03166440251-a4.jpg'),
(902, 98, 'https://static.zara.net/assets/public/59a3/b5b0/a6664312a671/fedf30c480bc/03166440251-e1/03166440251-e1.jpg'),
(903, 98, 'https://static.zara.net/assets/public/0388/135d/a36646e8ab72/15896b2b71af/03166440251-a3/03166440251-a3.jpg'),
(904, 98, 'https://static.zara.net/assets/public/bc16/df61/b0a841b4a538/33cc5b0442b9/03166440251-e3/03166440251-e3.jpg'),
(905, 99, 'https://static.zara.net/assets/public/1297/77fd/6681487387a6/50c86129938d/03992456800-a4/03992456800-a4.jpg'),
(906, 99, 'https://static.zara.net/assets/public/4db4/d715/729a42708f97/89bdebcbfa69/03992456800-a1/03992456800-a1.jpg'),
(907, 99, 'https://static.zara.net/assets/public/d757/e802/acc146088dec/8bcef1ef0fbc/03992456800-e2/03992456800-e2.jpg'),
(908, 99, 'https://static.zara.net/assets/public/5b3b/41c1/138e4eb2bc4d/79bc185486b8/03992456800-a2/03992456800-a2.jpg'),
(909, 99, 'https://static.zara.net/assets/public/705a/8bfa/9f6d42189cf9/2f6d08a1e3f3/03992456800-e1/03992456800-e1.jpg'),
(910, 99, 'https://static.zara.net/assets/public/2803/10e8/cc724a2287ff/0c3c5d51545a/03992456800-p/03992456800-p.jpg'),
(911, 99, 'https://static.zara.net/assets/public/d290/9363/8935420c8743/4b09361b918a/03992456800-a3/03992456800-a3.jpg'),
(912, 99, 'https://static.zara.net/assets/public/6566/ed0b/828145099cd5/747297e9a555/03992456800-e3/03992456800-e3.jpg'),
(913, 100, 'https://static.zara.net/assets/public/aa4c/a441/385548cfb7a9/e3aec2410de8/07140451712-a2/07140451712-a2.jpg'),
(914, 100, 'https://static.zara.net/assets/public/4f23/ff65/edea4a628fd7/26d12f9ba8d4/07140451712-a3/07140451712-a3.jpg'),
(915, 100, 'https://static.zara.net/assets/public/193c/b15c/b3234c6d98a7/59c0c1ef6090/07140451712-e3/07140451712-e3.jpg'),
(916, 100, 'https://static.zara.net/assets/public/3ffd/d116/abab44c492d9/78bbc6363841/07140451712-e1/07140451712-e1.jpg'),
(917, 100, 'https://static.zara.net/assets/public/d0f8/161d/e4cc491cbc13/e97f586ec51a/07140451712-p/07140451712-p.jpg'),
(918, 100, 'https://static.zara.net/assets/public/8dae/8a9e/6878409da2af/359ee56627c3/07140451712-e2/07140451712-e2.jpg'),
(919, 100, 'https://static.zara.net/assets/public/a429/c819/59ad46339963/54ec798257e6/07140451712-a1/07140451712-a1.jpg'),
(920, 100, 'https://static.zara.net/assets/public/52d9/499a/c52a4268a8d7/5815035eaf45/07140451712-e4/07140451712-e4.jpg'),
(921, 101, 'https://static.zara.net/assets/public/ba8c/e24a/7f0c42beb144/ff0b1743b91c/1687505166981/1687505166981.jpg'),
(922, 101, 'https://static.zara.net/assets/public/6aaa/f5ca/97df41ecadeb/14345b745269/1687505166928/1687505166928.jpg'),
(923, 101, 'https://static.zara.net/assets/public/f3e8/9c61/7fe94ac28677/1496abf69227/1687505167015/1687505167015.jpg'),
(924, 101, 'https://static.zara.net/assets/public/c705/4b81/136f473281ea/6af60b46f467/1687427537717/1687427537717.jpg'),
(925, 101, 'https://static.zara.net/assets/public/28e0/bd93/418e4a1dbb23/b7b089ded12e/1687427532806/1687427532806.jpg'),
(926, 101, 'https://static.zara.net/assets/public/04e8/c2ba/6852473fb95d/bd36acf49114/1687427532607/1687427532607.jpg'),
(927, 101, 'https://static.zara.net/assets/public/0cc5/28d8/86b94a669202/c8f7bb200261/1687505166141/1687505166141.jpg'),
(928, 102, 'https://static.zara.net/assets/public/6a74/20d8/a3ed41ba97b5/faab151e331a/05755421712-e3/05755421712-e3.jpg'),
(929, 102, 'https://static.zara.net/assets/public/0e25/41c0/ded14ce6bba7/2a67b88c8f7c/05755421712-e1/05755421712-e1.jpg'),
(930, 102, 'https://static.zara.net/assets/public/beed/ca35/5a474fd1adf8/58d956846843/05755421712-a5/05755421712-a5.jpg'),
(931, 102, 'https://static.zara.net/assets/public/d101/93e2/02c84544b908/354bd047921b/05755421712-a4/05755421712-a4.jpg'),
(932, 102, 'https://static.zara.net/assets/public/0876/23a2/03784072bcd3/d206622e917a/05755421712-e2/05755421712-e2.jpg'),
(933, 102, 'https://static.zara.net/assets/public/4bef/310b/2a47403eaa9a/994aa8ceec67/05755421712-a2/05755421712-a2.jpg'),
(934, 102, 'https://static.zara.net/assets/public/2f05/2db6/62674f40af60/c1c67e9a8515/05755421712-p/05755421712-p.jpg'),
(935, 102, 'https://static.zara.net/assets/public/47da/82cc/04f846a08b0d/3ee101586d69/05755421712-a1/05755421712-a1.jpg'),
(936, 102, 'https://static.zara.net/assets/public/6c24/ea1a/231b439e9eb8/5f34d8df49b9/05755421712-a3/05755421712-a3.jpg'),
(937, 103, 'https://static.zara.net/assets/public/49d9/2fe4/246c47119a5e/caddb0dd9532/09598432800-a4/09598432800-a4.jpg'),
(938, 103, 'https://static.zara.net/assets/public/2a7a/f094/1196429c913d/4e1df03b26eb/09598432800-a5/09598432800-a5.jpg'),
(939, 103, 'https://static.zara.net/assets/public/006c/735f/79954d5787aa/dc76ab3fa652/09598432800-e3/09598432800-e3.jpg'),
(940, 103, 'https://static.zara.net/assets/public/a8e3/81f3/ca334375855d/491ce8c403ce/09598432800-a1/09598432800-a1.jpg'),
(941, 103, 'https://static.zara.net/assets/public/d2f6/9011/11704e2a976b/649143e39a72/09598432800-a3/09598432800-a3.jpg'),
(942, 103, 'https://static.zara.net/assets/public/7d94/5615/10c544a585de/636f1742e1ce/09598432800-p/09598432800-p.jpg'),
(943, 103, 'https://static.zara.net/assets/public/7eab/51d6/79304b1c8cc4/4ec7936fa5c4/09598432800-a2/09598432800-a2.jpg'),
(944, 103, 'https://static.zara.net/assets/public/41f1/ad29/cd37404489dd/37e220b748e9/09598432800-e2/09598432800-e2.jpg'),
(945, 103, 'https://static.zara.net/assets/public/d685/b3d7/ccee438db31b/41cfceffad6c/09598432800-e1/09598432800-e1.jpg'),
(946, 104, 'https://static.zara.net/assets/public/e021/4ac3/524d45cdb368/d674e52f7023/02893415727-e1/02893415727-e1.jpg'),
(947, 104, 'https://static.zara.net/assets/public/63fd/0ea2/c09f4a848aaa/36eded9d2500/02893415727-a2/02893415727-a2.jpg'),
(948, 104, 'https://static.zara.net/assets/public/014c/8331/f586464199ff/20d79591de37/02893415727-e3/02893415727-e3.jpg'),
(949, 104, 'https://static.zara.net/assets/public/0479/1ff7/34264ba29ba9/06809d8018f2/02893415727-a4/02893415727-a4.jpg'),
(950, 104, 'https://static.zara.net/assets/public/39bd/dea1/3cf3413aa9e3/7b0621e2ba07/02893415727-a1/02893415727-a1.jpg'),
(951, 104, 'https://static.zara.net/assets/public/1649/1a00/3f774adda8b2/f80ae4e5bd3e/02893415727-a3/02893415727-a3.jpg'),
(952, 104, 'https://static.zara.net/assets/public/fc00/4586/f39749d28618/94bfdca24b61/02893415727-p/02893415727-p.jpg'),
(953, 104, 'https://static.zara.net/assets/public/9c82/6fd8/77d24ed28a27/1e1dcb3a0d78/02893415727-e2/02893415727-e2.jpg'),
(954, 104, 'https://static.zara.net/assets/public/2592/d41b/f8624533b9f1/77dd19ad1aa3/02893415727-a5/02893415727-a5.jpg'),
(955, 105, 'https://static.zara.net/assets/public/05f4/cad0/57d240d69651/c0c220527bf4/03284411712-e3/03284411712-e3.jpg'),
(956, 105, 'https://static.zara.net/assets/public/bf54/124f/f91d4fc7b5b2/080056786dd3/03284411712-p/03284411712-p.jpg'),
(957, 105, 'https://static.zara.net/assets/public/89cc/fd86/75c44c2db13e/b3aa472210c6/03284411712-a3/03284411712-a3.jpg'),
(958, 105, 'https://static.zara.net/assets/public/82f2/9c12/a40b4382b321/f12aa95dec09/03284411712-e2/03284411712-e2.jpg'),
(959, 105, 'https://static.zara.net/assets/public/8844/b4bb/796a4515b36e/a98fe8693692/03284411712-a2/03284411712-a2.jpg'),
(960, 105, 'https://static.zara.net/assets/public/46ee/0db4/4c2440e4aaba/7c08225338aa/03284411712-e1/03284411712-e1.jpg'),
(961, 105, 'https://static.zara.net/assets/public/a463/6ebf/864e4f82aed1/a3b770429c9f/03284411712-a1/03284411712-a1.jpg'),
(962, 105, 'https://static.zara.net/assets/public/199a/c5d5/7c4c495986f8/869cb0e4ae2e/03284411712-a4/03284411712-a4.jpg'),
(963, 106, 'https://static.zara.net/assets/public/e261/bc9d/52cb4fdda7bc/a38c2be1e892/03284407700-a1/03284407700-a1.jpg'),
(964, 106, 'https://static.zara.net/assets/public/9309/295b/4f5c447183e0/346d519a8899/03284407700-a2/03284407700-a2.jpg'),
(965, 106, 'https://static.zara.net/assets/public/a2ce/02c7/175c40eda01d/352438eae045/03284407700-a3/03284407700-a3.jpg'),
(966, 106, 'https://static.zara.net/assets/public/c53c/83e7/b53f4d5cb43f/fc739c81599d/03284407700-p/03284407700-p.jpg'),
(967, 106, 'https://static.zara.net/assets/public/1206/b606/42e6440e8009/ffb91afd921e/03284407700-e2/03284407700-e2.jpg'),
(968, 106, 'https://static.zara.net/assets/public/cb4f/f63a/309e4c8a9377/647212328c0e/03284407700-e3/03284407700-e3.jpg'),
(969, 106, 'https://static.zara.net/assets/public/3f07/a8ae/cb3d43ee819e/bccf2aa28f05/03284407700-a4/03284407700-a4.jpg'),
(970, 106, 'https://static.zara.net/assets/public/dfb9/3dae/bb4c4edc9494/d651249414db/03284407700-a5/03284407700-a5.jpg'),
(971, 106, 'https://static.zara.net/assets/public/4bac/ad0e/d23a450bb67e/57304ed7264f/03284407700-e1/03284407700-e1.jpg'),
(972, 107, 'https://static.zara.net/assets/public/0431/d00a/07d04225a8a8/9866e2fa61fb/05536400104-e3/05536400104-e3.jpg'),
(973, 107, 'https://static.zara.net/assets/public/6f2f/1bbb/3fbc43eeb2a4/44f101adf846/05536400104-p/05536400104-p.jpg'),
(974, 107, 'https://static.zara.net/assets/public/2d68/5a27/fd084a3eb8bc/314b4608c78a/05536400104-a2/05536400104-a2.jpg'),
(975, 107, 'https://static.zara.net/assets/public/6ab4/0c6d/42764d61b4ee/989a6cd33035/05536400104-e1/05536400104-e1.jpg'),
(976, 107, 'https://static.zara.net/assets/public/8961/c444/4e774088b18c/732d5f5ef839/05536400104-a3/05536400104-a3.jpg'),
(977, 107, 'https://static.zara.net/assets/public/e0f5/bf17/1823420485d5/9ab044aee11a/05536400104-a1/05536400104-a1.jpg'),
(978, 107, 'https://static.zara.net/assets/public/0b9d/483c/e4554c7489fe/deeaa551b1fb/05536400104-a5/05536400104-a5.jpg'),
(979, 107, 'https://static.zara.net/assets/public/d077/bbae/da0d46dab666/779cb4654924/05536400104-e2/05536400104-e2.jpg'),
(980, 107, 'https://static.zara.net/assets/public/d5ac/21be/66d141e2b3b9/acf060f2279b/05536400104-a4/05536400104-a4.jpg'),
(981, 108, 'https://static.zara.net/assets/public/d0ff/8821/4f954d64ac32/4c0fbb1721f5/03166410800-a2/03166410800-a2.jpg'),
(982, 108, 'https://static.zara.net/assets/public/f932/1c3f/d6144a5f9565/c08c97641c26/03166410800-e3/03166410800-e3.jpg'),
(983, 108, 'https://static.zara.net/assets/public/10ff/15f4/9a704014a0fb/a3f9c115eb5a/03166410800-a4/03166410800-a4.jpg'),
(984, 108, 'https://static.zara.net/assets/public/b908/f3f2/197e4b32b397/9cf34fb93620/03166410800-e2/03166410800-e2.jpg'),
(985, 108, 'https://static.zara.net/assets/public/567a/7530/739c46eaa64d/7a3dfd800563/03166410800-a3/03166410800-a3.jpg'),
(986, 108, 'https://static.zara.net/assets/public/b63d/8005/625e46fb83ad/dd4724f87b79/03166410800-a5/03166410800-a5.jpg'),
(987, 108, 'https://static.zara.net/assets/public/e55f/d344/d8184c9187ec/cb3398473cab/03166410800-e1/03166410800-e1.jpg'),
(988, 108, 'https://static.zara.net/assets/public/46ec/a609/59e54548a50e/aa3bf69b7696/03166410800-a1/03166410800-a1.jpg'),
(989, 108, 'https://static.zara.net/assets/public/22ea/ed9c/5f1147eaa3dd/0f5cdc5cda4f/03166410800-p/03166410800-p.jpg'),
(990, 109, 'https://static.zara.net/assets/public/8392/28cb/982c49db8100/65148937e2b4/05875407600-e1/05875407600-e1.jpg'),
(991, 109, 'https://static.zara.net/assets/public/c554/920c/c4a94c7aba08/976b7fa1f06e/05875407600-e4/05875407600-e4.jpg'),
(992, 109, 'https://static.zara.net/assets/public/2571/1c30/1cb745d7aeb4/f39ef564c5ac/05875407600-e2/05875407600-e2.jpg'),
(993, 109, 'https://static.zara.net/assets/public/689d/65f0/b5574946ace6/504aac0c37b6/05875407600-p/05875407600-p.jpg'),
(994, 109, 'https://static.zara.net/assets/public/9ba9/7edf/229a498ea20a/be8388021a59/05875407600-a2/05875407600-a2.jpg'),
(995, 109, 'https://static.zara.net/assets/public/cc22/abc2/34d84529882b/810409e6e500/05875407600-a3/05875407600-a3.jpg'),
(996, 109, 'https://static.zara.net/assets/public/20e2/806f/a9254fbfabea/ac58190fb997/05875407600-a1/05875407600-a1.jpg'),
(997, 109, 'https://static.zara.net/assets/public/cb28/ea33/606e480b80c7/b7a31f67eff7/05875407600-e3/05875407600-e3.jpg'),
(998, 110, 'https://static.zara.net/assets/public/b87c/5e92/18f14b4fb3bf/d26b56c80bb5/09065420802-a1/09065420802-a1.jpg'),
(999, 110, 'https://static.zara.net/assets/public/c7aa/2e8d/3b42402fa9c3/a44a1db9ffa4/09065420802-p/09065420802-p.jpg'),
(1000, 110, 'https://static.zara.net/assets/public/db8c/07a3/01a44927af2a/be879f44d8ca/09065420802-e1/09065420802-e1.jpg'),
(1001, 110, 'https://static.zara.net/assets/public/bd52/2ac6/c1ae44278087/0c554ca1450d/09065420802-a3/09065420802-a3.jpg'),
(1002, 110, 'https://static.zara.net/assets/public/e591/4849/d1d843c7a7e0/89f6a460473a/09065420802-e4/09065420802-e4.jpg'),
(1003, 110, 'https://static.zara.net/assets/public/5ad5/92b0/5e3a49aa835c/2b5be2feb152/09065420802-a2/09065420802-a2.jpg'),
(1004, 110, 'https://static.zara.net/assets/public/1a1e/d9db/66704377b073/49395592867b/09065420802-e3/09065420802-e3.jpg'),
(1005, 110, 'https://static.zara.net/assets/public/2678/5973/f9d744638ce9/ff9e6d956961/09065420802-e2/09065420802-e2.jpg'),
(1006, 111, 'https://static.zara.net/assets/public/1ccf/ed72/3544488e9065/7cea05a25b91/05875410800-a1/05875410800-a1.jpg'),
(1007, 111, 'https://static.zara.net/assets/public/21a7/0e92/130e4dbfa43b/75778dbc5167/05875410800-a3/05875410800-a3.jpg'),
(1008, 111, 'https://static.zara.net/assets/public/455a/c5e8/ff0941a395ea/12ab022c29c6/05875410800-e3/05875410800-e3.jpg'),
(1009, 111, 'https://static.zara.net/assets/public/7ffa/f566/048c4661a7ee/b038dd12c604/05875410800-e2/05875410800-e2.jpg'),
(1010, 111, 'https://static.zara.net/assets/public/3472/8d56/3d734e649ada/40bd4d2a612b/05875410800-e1/05875410800-e1.jpg'),
(1011, 111, 'https://static.zara.net/assets/public/cc44/b03b/02e346f88c0c/0584f70b000f/05875410800-p/05875410800-p.jpg'),
(1012, 111, 'https://static.zara.net/assets/public/e5f9/333a/1f18450680bf/4d19f3318726/05875410800-e4/05875410800-e4.jpg'),
(1013, 111, 'https://static.zara.net/assets/public/e234/1a33/a2744a17964a/dbc0e7a6298d/05875410800-a2/05875410800-a2.jpg'),
(1014, 112, 'https://static.zara.net/assets/public/1c27/f01f/f75e4202874f/3299d304bc87/09065424710-a3/09065424710-a3.jpg'),
(1015, 112, 'https://static.zara.net/assets/public/95e1/2f7e/4b62476bacd7/f261d06857e2/09065424710-e3/09065424710-e3.jpg'),
(1016, 112, 'https://static.zara.net/assets/public/6548/ac52/64944b91bcbc/925f93558ef6/09065424710-e4/09065424710-e4.jpg'),
(1017, 112, 'https://static.zara.net/assets/public/4af8/3e1b/1d0e49568ffc/ef8d00eeb39d/09065424710-e2/09065424710-e2.jpg'),
(1018, 112, 'https://static.zara.net/assets/public/9fef/25c4/8a504b649416/7d4530262ef7/09065424710-e1/09065424710-e1.jpg'),
(1019, 112, 'https://static.zara.net/assets/public/4595/85d6/0804441e8995/74a020a30679/09065424710-a1/09065424710-a1.jpg'),
(1020, 112, 'https://static.zara.net/assets/public/ce7f/0546/8de84f859f5a/ee9641d3d555/09065424710-p/09065424710-p.jpg'),
(1021, 112, 'https://static.zara.net/assets/public/5045/4465/a5314e3195d1/54bb6424c67c/09065424710-a2/09065424710-a2.jpg'),
(1022, 113, 'https://static.zara.net/assets/public/9aa9/72b4/b20a488db9cd/9cff1c71ce3b/03920428737-p/03920428737-p.jpg'),
(1023, 113, 'https://static.zara.net/assets/public/fd7b/5d16/b52c43c58bfa/87e25ca7d497/03920428737-e1/03920428737-e1.jpg'),
(1024, 113, 'https://static.zara.net/assets/public/1817/affd/6bfc4d88aa37/6fc824bb52cc/03920428737-a1/03920428737-a1.jpg'),
(1025, 113, 'https://static.zara.net/assets/public/0165/26e1/e27d42718eca/4168952cf2de/03920428737-a3/03920428737-a3.jpg'),
(1026, 113, 'https://static.zara.net/assets/public/b2fd/65cf/5bfa47d8ae85/c57184ac770c/03920428737-e4/03920428737-e4.jpg'),
(1027, 113, 'https://static.zara.net/assets/public/608e/39fc/05af481ca184/e51bcd449f40/03920428737-e3/03920428737-e3.jpg'),
(1028, 113, 'https://static.zara.net/assets/public/fcaf/4434/0df54ca5a54b/fdec074238f3/03920428737-e2/03920428737-e2.jpg'),
(1029, 113, 'https://static.zara.net/assets/public/ba81/bebe/5e584eb49808/a88cf409be7b/03920428737-a2/03920428737-a2.jpg'),
(1030, 114, 'https://static.zara.net/assets/public/1f90/aea1/26e1414a9c9d/45a7fddcf56d/03920429700-e1/03920429700-e1.jpg'),
(1031, 114, 'https://static.zara.net/assets/public/4d95/7145/77864681a04f/4d75e5aa591f/03920429700-p/03920429700-p.jpg'),
(1032, 114, 'https://static.zara.net/assets/public/5b26/0340/12a944bfaf22/861ed7907186/03920429700-a2/03920429700-a2.jpg'),
(1033, 114, 'https://static.zara.net/assets/public/1fe2/2088/c44745098447/ccf353efc26b/03920429700-a1/03920429700-a1.jpg'),
(1034, 114, 'https://static.zara.net/assets/public/2d4d/d8b4/d74245cf9693/ddb0a49758be/03920429700-e3/03920429700-e3.jpg'),
(1035, 114, 'https://static.zara.net/assets/public/8408/1a6b/0bad474b8215/0f3de377301f/03920429700-e4/03920429700-e4.jpg'),
(1036, 114, 'https://static.zara.net/assets/public/35f3/8fb4/173f44f3a648/433b44d1dbd1/03920429700-e2/03920429700-e2.jpg');

-- --------------------------------------------------------

--
-- Tablo için tablo yapısı `users`
--

CREATE TABLE `users` (
  `id` int(11) NOT NULL,
  `fullname` varchar(100) NOT NULL,
  `email` varchar(100) NOT NULL,
  `mobile` varchar(15) NOT NULL,
  `password` varchar(255) NOT NULL
) ENGINE=InnoDB DEFAULT CHARSET=utf8mb4 COLLATE=utf8mb4_general_ci;

--
-- Tablo döküm verisi `users`
--

INSERT INTO `users` (`id`, `fullname`, `email`, `mobile`, `password`) VALUES
(1, 'John Doe', 'john@example.com', '1234567890', '$2b$10$9TTORCnGGaiFIDV1xRccw.TiHjDzRXNOOxhA0Oh6O/stJcthiZ6yO'),
(8, 'John Doe', 'john2@example.com', '1234567890', '$2b$10$sVJRDxc2dKiH2TpcLVvZMuND5cjoF46k45j3p2RxWZqH2zAetIg/G'),
(9, 'John Doe', 'john3@example.com', '1234567890', '$2b$10$hK/OK.ibjiS3EAn3FopJCuNqwrotzGKHw20Im55P/w3LE2tDv1bQ.'),
(11, 'Baturay incekara', 'baturay11@gmail.com', '1111111', '$2b$10$etAQLfcl/hCSktSBYvGi7.b6wm5v4BJusz.rqSepEDNiyg89cIcR6'),
(12, 'Baturay İncekara', 'baturayincekara@gmail.com', '111111111', '$2b$10$Loje3XzS2Y2GPuviayX1E.5GmOtYWx5ErVy8Wm9tzxzGnURkKqBlC'),
(14, 'Sezen melis', 'Sezen@gmail.com', '1212121212', '$2b$10$Q76gDQZ3hswUKycAIkOZ2ul1TduY8dn2ssNGQIJ6xfA87itds1Uo6'),
(15, 'Sezen', 'Sezen2@gmail.com', '122444213', '$2b$10$LjJn0ghEo8cNpvIzGgaf0eCm/BLPG38ysLyMhDV25LgdBZ/0zOeD2'),
(16, 'Baturay İncekara', 'baturay2@gmail.com', '133123212', '$2b$10$hcyLd9TErHUKw9jizhal.uQucvRyiymta86i1UVGUCoJV8DS2k5VK'),
(17, 'Baturay İncekara', 'baturay22@gmail.com', '133123212', '$2b$10$fQOkO9HPeOQ8MBtmK0nUmOOykXsNdAksNMjdDV3xb5/Qwe9ZPt9oG'),
(19, 'Baturay İncekara', 'baturay6328@gmail.com', '1221222', '$2b$10$CqEQXPu8cU0eoxHSlXp39eKwlRoT45cynG8zFtatVUDQ.QBHT0lD.'),
(20, 'John Doe', 'jo2hn3@example.com', '1234567890', '$2b$10$StxL36/ActJ7s8MUISzbVunBHjncapKpsAB668bV4VXF7S4MKeFIu'),
(21, 'John Doe', 'jo22hn3@example.com', '1234567890', '$2b$10$JQoAr99VOf.Ib/LHQb2X6O9oSXoH8qEHb7AbcURpvz7TWsSKhGGY6'),
(22, 'Baturay İncekara', 'batu223ray638@gmail.com', '123122133', '$2b$10$3MuYGFl3UX9NOvRLsZq0UexR1U/RC3D5HxbKrPdidKNBW0C2Ukxbi'),
(24, 'Deneme', 'Deneme@gmail.com', '13313421', '$2b$10$MxvKl9BzeMdUMkgmcne1VuOP8VcvIQuyAcNi/FrPkbRKLNwbkKnIO'),
(34, 'Deneme', 'Denem2e@gmail.com', '13313421', '$2b$10$grCOtRLCt1WLIkGcMeD5L.A.MstIj11htlFCVdltGMA4blKDZJIT.'),
(35, 'Deneme2', 'Denemw3@gma', '1222122', '$2b$10$cpQ1Ri90C2DhHcQBpLc30eeAzagbunHhQlRWB7PyjxAZVEbPgSghS'),
(36, 'Deneme', 'Asfa@gmai.xo', '11111', '$2b$10$0REVDr./uPNM6bBN/YcLx.45/J9pNaiojNy/sF/KSNi2CrQIVmfFG'),
(37, 'Deneme', 'As2fa@gmai.xo', '11111', '$2b$10$Zihws57QPF0pph6CSTeNseFA8Sr6SrD4j6fzt7Eu/dmzPT3lOAOyq'),
(40, 'Jaja', 'Jaja@gma', '11111', '$2b$10$bAuUE71SWJ/0rctotbmsOuFwdo0pO4tRO5koCPSLw0GdwqEiFKxAG'),
(43, 'Baturay İncekara', 'baturay622238@gmail.com', '1234567', '$2b$10$E6lMGzBSdwcGqisNr5dR/OSr6XoP6BqHJMllNzhni/vX5JuQJtkbO'),
(44, 'Baturay İncekara', 'test@test', '111111', '$2b$10$9SKAEztHqC2lgBEA4F.gResGRq7V1C/DHaX46yY2O2GnGyZ3fm0xC'),
(46, 'Baturay İncekara', 'Denemwqa@122', 'Qqqqq', '$2b$10$CFFXGMw554EZjMV5EP.JSOzDtgciMa7XJwu76fNF5cjIwk5gneVX2'),
(48, 'eminhocam', 'eminhoca@gmail.com', '1111111', '$2b$10$tsdc0TPFdhwp0CtZNF2D1OLYQX/n6MfNvrN2piDHBcutQu9hKM21W'),
(49, 'sezen', 'sezen35@gmail.com', '11111', '$2b$10$y0XHg.V.A5LLmBw9kL5Z..DRC/wfDXcarcZkyU0/yIZdiTmCo7lUW'),
(50, 'melis', 'melis35@gmail.com', '1111', '$2b$10$zfVmWnEHnCgZ0rjxg7TvCOlZaf7fUmrQDnDUB.rlaunAGk3JsuBNC');

--
-- Dökümü yapılmış tablolar için indeksler
--

--
-- Tablo için indeksler `sepet`
--
ALTER TABLE `sepet`
  ADD PRIMARY KEY (`id`),
  ADD KEY `userId` (`userId`),
  ADD KEY `urunId` (`urunId`);

--
-- Tablo için indeksler `urun`
--
ALTER TABLE `urun`
  ADD PRIMARY KEY (`id`);

--
-- Tablo için indeksler `urundetay`
--
ALTER TABLE `urundetay`
  ADD PRIMARY KEY (`id`),
  ADD KEY `urunId` (`urunId`);

--
-- Tablo için indeksler `users`
--
ALTER TABLE `users`
  ADD PRIMARY KEY (`id`),
  ADD UNIQUE KEY `email` (`email`);

--
-- Dökümü yapılmış tablolar için AUTO_INCREMENT değeri
--

--
-- Tablo için AUTO_INCREMENT değeri `sepet`
--
ALTER TABLE `sepet`
  MODIFY `id` int(11) NOT NULL AUTO_INCREMENT, AUTO_INCREMENT=28;

--
-- Tablo için AUTO_INCREMENT değeri `urun`
--
ALTER TABLE `urun`
  MODIFY `id` int(11) NOT NULL AUTO_INCREMENT, AUTO_INCREMENT=115;

--
-- Tablo için AUTO_INCREMENT değeri `urundetay`
--
ALTER TABLE `urundetay`
  MODIFY `id` int(11) NOT NULL AUTO_INCREMENT, AUTO_INCREMENT=1037;

--
-- Tablo için AUTO_INCREMENT değeri `users`
--
ALTER TABLE `users`
  MODIFY `id` int(11) NOT NULL AUTO_INCREMENT, AUTO_INCREMENT=51;

--
-- Dökümü yapılmış tablolar için kısıtlamalar
--

--
-- Tablo kısıtlamaları `sepet`
--
ALTER TABLE `sepet`
  ADD CONSTRAINT `sepet_ibfk_1` FOREIGN KEY (`userId`) REFERENCES `users` (`id`),
  ADD CONSTRAINT `sepet_ibfk_2` FOREIGN KEY (`urunId`) REFERENCES `urun` (`id`);

--
-- Tablo kısıtlamaları `urundetay`
--
ALTER TABLE `urundetay`
  ADD CONSTRAINT `urundetay_ibfk_1` FOREIGN KEY (`urunId`) REFERENCES `urun` (`id`);
COMMIT;

/*!40101 SET CHARACTER_SET_CLIENT=@OLD_CHARACTER_SET_CLIENT */;
/*!40101 SET CHARACTER_SET_RESULTS=@OLD_CHARACTER_SET_RESULTS */;
/*!40101 SET COLLATION_CONNECTION=@OLD_COLLATION_CONNECTION */;
